route,level,method,n,charge_open_pct,queue_pct,reposition_pct,extra_break_pct,manoeuvre_pct,rest_pct,total_pct,total_h
all,Base,oracle,300,2.651,1.296,0.125,3.507,1.114,0.135,8.829,5.363
all,Base,LA,234,1.983,2.020,0.062,3.654,1.488,-0.044,9.162,5.244
all,Base,greedy,267,4.898,2.295,0.000,3.496,0.863,1.026,12.578,7.444
all,150,oracle,300,6.705,1.168,0.144,13.677,0.937,6.394,29.026,18.148
all,150,LA,207,14.093,1.838,0.061,5.020,1.582,5.456,28.050,15.494
all,150,greedy,263,17.887,2.262,0.000,3.713,1.019,10.487,35.368,22.072
all,700,oracle,300,0.562,1.365,0.047,0.982,1.374,-0.058,4.271,2.581
all,700,LA,206,0.654,1.929,0.026,0.761,1.578,-0.454,4.493,2.080
all,700,greedy,269,1.972,2.321,0.000,2.967,0.952,0.440,8.652,4.979
all,1000,oracle,300,0.384,1.403,0.040,0.310,1.387,-0.056,3.469,2.079
all,1000,LA,174,-0.021,1.858,0.028,0.647,1.458,-0.537,3.432,2.448
all,1000,greedy,253,8.016,2.414,0.000,-0.288,1.815,1.309,13.265,7.674
all,300,oracle,300,4.143,3.017,0.136,3.739,3.122,1.530,15.687,9.226
all,300,LA,200,3.757,4.638,0.097,4.657,4.095,2.898,20.143,10.131
all,300,greedy,250,6.773,4.544,0.000,8.185,3.142,7.579,30.224,18.312
all,700,oracle,300,0.972,0.866,0.059,3.815,0.624,-0.098,6.238,3.995
all,700,LA,204,1.857,1.335,0.027,2.190,0.905,-0.423,5.890,2.857
all,700,greedy,248,5.971,1.496,0.000,2.759,0.644,1.407,12.277,7.270
all,900,oracle,300,-0.069,0.718,0.009,3.662,0.426,-0.099,4.648,3.208
all,900,LA,207,1.842,1.108,0.014,0.955,0.654,-0.106,4.467,2.424
all,900,greedy,262,6.011,1.154,0.000,1.422,0.326,0.834,9.747,5.878
short,Base,oracle,100,2.695,1.178,0.026,2.615,1.301,-0.052,7.764,
short,Base,LA,100,1.815,1.987,0.006,3.619,1.719,0.277,9.424,
short,Base,greedy,97,4.932,2.180,0.000,3.539,0.931,0.000,11.582,
short,150,oracle,100,5.987,1.094,0.046,11.534,1.273,3.320,23.255,
short,150,LA,100,12.402,1.860,0.036,5.163,1.861,2.603,23.925,
short,150,greedy,87,17.191,2.117,0.000,3.784,0.989,4.534,28.616,
short,700,oracle,100,1.049,1.213,0.031,0.396,1.459,-0.052,4.096,
short,700,LA,100,0.941,1.885,0.010,0.721,1.762,0.302,5.621,
short,700,greedy,99,2.482,2.203,0.000,2.958,1.093,0.000,8.736,
short,1000,oracle,100,0.961,1.247,0.035,-0.255,1.506,-0.046,3.448,
short,1000,LA,28,0.571,1.871,0.011,1.434,1.841,0.000,5.729,
short,1000,greedy,95,8.103,2.319,0.000,-0.112,1.827,0.000,12.137,
short,300,oracle,100,5.124,2.855,0.031,2.750,3.355,0.480,14.595,
short,300,LA,93,3.960,4.579,0.041,5.129,4.422,3.269,21.400,
short,300,greedy,85,7.446,4.506,0.000,8.122,3.232,3.966,27.273,
short,700,oracle,100,1.200,0.799,0.016,1.985,0.800,-0.052,4.747,
short,700,LA,98,1.485,1.289,0.018,2.023,1.153,0.601,6.569,
short,700,greedy,90,5.973,1.331,0.000,2.690,0.620,0.000,10.614,
short,900,oracle,100,0.433,0.681,0.003,0.865,0.562,-0.052,2.491,
short,900,LA,99,1.072,1.035,0.003,0.625,0.924,0.616,4.274,
short,900,greedy,97,5.799,1.070,0.000,1.339,0.298,0.000,8.505,
medium,Base,oracle,100,2.253,1.369,0.115,3.772,0.994,0.432,8.936,
medium,Base,LA,53,2.135,2.055,0.110,3.458,1.208,-1.483,7.482,
medium,Base,greedy,83,4.872,2.484,0.000,3.518,0.816,1.091,12.781,
medium,150,oracle,100,6.436,1.217,0.135,14.535,0.786,6.880,29.989,
medium,150,LA,52,15.614,1.882,0.100,4.590,1.175,6.119,29.480,
medium,150,greedy,88,18.461,2.429,0.000,3.640,0.990,11.788,37.308,
medium,700,oracle,100,0.300,1.452,0.060,0.946,1.205,-0.143,3.821,
medium,700,LA,55,0.316,2.030,0.021,1.046,1.464,-2.025,2.852,
medium,700,greedy,84,1.845,2.480,0.000,2.844,0.845,0.189,8.204,
medium,1000,oracle,100,0.035,1.494,0.031,0.341,1.218,-0.141,2.977,
medium,1000,LA,54,-0.163,1.921,0.019,0.520,1.336,-2.344,1.290,
medium,1000,greedy,78,8.068,2.501,0.000,-0.249,1.838,1.922,14.080,
medium,300,oracle,100,3.756,3.132,0.109,3.838,3.018,2.715,16.568,
medium,300,LA,52,3.799,4.740,0.152,4.252,3.917,2.103,18.962,
medium,300,greedy,80,6.479,4.666,0.000,8.414,3.095,8.456,31.110,
medium,700,oracle,100,0.500,0.930,0.041,4.332,0.489,-0.144,6.149,
medium,700,LA,54,1.978,1.431,0.024,2.504,0.680,-1.938,4.678,
medium,700,greedy,77,6.012,1.589,0.000,2.896,0.657,2.174,13.328,
medium,900,oracle,100,-0.326,0.784,0.005,4.102,0.253,-0.144,4.674,
medium,900,LA,53,2.076,1.250,0.024,1.161,0.345,-1.397,3.458,
medium,900,greedy,80,6.219,1.212,0.000,1.352,0.295,0.928,10.006,
long,Base,oracle,100,3.005,1.342,0.234,4.135,1.047,0.025,9.787,
long,Base,LA,81,2.090,2.036,0.099,3.826,1.385,0.500,9.936,
long,Base,greedy,87,4.885,2.242,0.000,3.426,0.833,2.109,13.495,
long,150,oracle,100,7.691,1.194,0.251,14.963,0.753,8.982,33.834,
long,150,LA,55,15.728,1.755,0.071,5.169,1.459,10.017,34.199,
long,150,greedy,88,18.000,2.238,0.000,3.716,1.077,15.071,40.103,
long,700,oracle,100,0.337,1.431,0.049,1.602,1.457,0.020,4.896,
long,700,LA,51,0.455,1.904,0.062,0.531,1.340,-0.241,4.051,
long,700,greedy,86,1.510,2.300,0.000,3.096,0.895,1.192,8.993,
long,1000,oracle,100,0.158,1.469,0.054,0.846,1.435,0.019,3.982,
long,1000,LA,92,-0.117,1.817,0.037,0.482,1.412,0.361,3.991,
long,1000,greedy,80,7.861,2.443,0.000,-0.535,1.777,2.264,13.810,
long,300,oracle,100,3.548,3.065,0.269,4.629,2.992,1.395,15.897,
long,300,LA,55,3.372,4.642,0.141,4.243,3.710,3.025,19.133,
long,300,greedy,85,6.378,4.468,0.000,8.032,3.096,10.366,32.341,
long,700,oracle,100,1.217,0.868,0.121,5.127,0.585,-0.098,7.819,
long,700,LA,52,2.431,1.320,0.049,2.179,0.669,-0.777,5.871,
long,700,greedy,81,5.931,1.592,0.000,2.705,0.658,2.241,13.127,
long,900,oracle,100,-0.312,0.689,0.019,6.020,0.464,-0.101,6.779,
long,900,LA,55,3.005,1.104,0.023,1.349,0.466,-0.160,5.787,
long,900,greedy,85,6.058,1.196,0.000,1.582,0.387,1.698,10.922,
