instance,family,file,n_stops,dec_mean_s,dec_max_s,run_infeasible,n_scenarios,horizon_h
RlongCfewTlarge_10,RlongCfewTlarge,RlongCfewTlarge_10_LA_MIPTAIL_20260818_111122_000.json,147,88.9,545.9,False,25,24.0
RlongCfewTlarge_12,RlongCfewTlarge,RlongCfewTlarge_12_LA_MIPTAIL_20260817_150716_036.json,181,82.7,240.4,False,25,24.0
RlongCfewTlarge_13,RlongCfewTlarge,RlongCfewTlarge_13_LA_MIPTAIL_20260817_150727_036.json,173,96.2,551.1,False,25,24.0
RlongCfewTlarge_14,RlongCfewTlarge,RlongCfewTlarge_14_LA_MIPTAIL_20260817_150740_036.json,150,94.6,638.9,False,25,24.0
RlongCfewTlarge_15,RlongCfewTlarge,RlongCfewTlarge_15_LA_MIPTAIL_20260817_150752_036.json,157,101.1,713.2,False,25,24.0
RlongCfewTlarge_16,RlongCfewTlarge,RlongCfewTlarge_16_LA_MIPTAIL_20260817_150754_036.json,140,81.2,214.4,False,25,24.0
RlongCfewTlarge_17,RlongCfewTlarge,RlongCfewTlarge_17_LA_MIPTAIL_20260818_111057_010.json,150,76.6,264.4,False,25,24.0
RlongCfewTlarge_18,RlongCfewTlarge,RlongCfewTlarge_18_LA_MIPTAIL_20260817_150807_036.json,177,77.7,276.5,False,25,24.0
RlongCfewTlarge_19,RlongCfewTlarge,RlongCfewTlarge_19_LA_MIPTAIL_20260817_150812_036.json,183,76.0,224.9,False,25,24.0
RlongCfewTlarge_2,RlongCfewTlarge,RlongCfewTlarge_2_LA_MIPTAIL_20260817_150716_000.json,178,98.6,636.2,False,25,24.0
RlongCfewTlarge_20,RlongCfewTlarge,RlongCfewTlarge_20_LA_MIPTAIL_20260818_111122_009.json,160,91.6,418.2,False,25,24.0
RlongCfewTlarge_21,RlongCfewTlarge,RlongCfewTlarge_21_LA_MIPTAIL_20260817_150941_072.json,178,84.8,335.7,False,25,24.0
RlongCfewTlarge_23,RlongCfewTlarge,RlongCfewTlarge_23_LA_MIPTAIL_20260817_150727_072.json,180,82.1,263.7,False,25,24.0
RlongCfewTlarge_25,RlongCfewTlarge,RlongCfewTlarge_25_LA_MIPTAIL_20260817_150752_072.json,174,81.3,318.6,False,25,24.0
RlongCfewTlarge_3,RlongCfewTlarge,RlongCfewTlarge_3_LA_MIPTAIL_20260817_150727_000.json,148,76.5,197.5,False,25,24.0
RlongCfewTlarge_6,RlongCfewTlarge,RlongCfewTlarge_6_LA_MIPTAIL_20260817_150754_000.json,153,90.5,281.4,False,25,24.0
RlongCfewTlarge_7,RlongCfewTlarge,RlongCfewTlarge_7_LA_MIPTAIL_20260817_150800_000.json,190,82.0,263.4,False,25,24.0
RlongCfewTlarge_8,RlongCfewTlarge,RlongCfewTlarge_8_LA_MIPTAIL_20260818_111103_000.json,180,100.7,508.1,False,25,24.0
RlongCfewTlarge_9,RlongCfewTlarge,RlongCfewTlarge_9_LA_MIPTAIL_20260818_111117_000.json,169,86.3,434.1,False,25,24.0
RlongCfewTmedium_10,RlongCfewTmedium,RlongCfewTmedium_10_LA_MIPTAIL_20260817_150816_001.json,175,83.2,229.3,False,25,24.0
RlongCfewTmedium_11,RlongCfewTmedium,RlongCfewTmedium_11_LA_MIPTAIL_20260817_150941_037.json,178,85.4,243.8,False,25,24.0
RlongCfewTmedium_13,RlongCfewTmedium,RlongCfewTmedium_13_LA_MIPTAIL_20260817_150727_037.json,166,88.7,358.0,False,25,24.0
RlongCfewTmedium_14,RlongCfewTmedium,RlongCfewTmedium_14_LA_MIPTAIL_20260817_150740_037.json,178,83.0,285.9,False,25,24.0
RlongCfewTmedium_16,RlongCfewTmedium,RlongCfewTmedium_16_LA_MIPTAIL_20260817_150754_037.json,182,106.2,505.2,False,25,24.0
RlongCfewTmedium_17,RlongCfewTmedium,RlongCfewTmedium_17_LA_MIPTAIL_20260817_150800_037.json,173,89.5,275.8,False,25,24.0
RlongCfewTmedium_18,RlongCfewTmedium,RlongCfewTmedium_18_LA_MIPTAIL_20260817_150807_037.json,142,84.8,243.5,False,25,24.0
RlongCfewTmedium_19,RlongCfewTmedium,RlongCfewTmedium_19_LA_MIPTAIL_20260817_150812_037.json,164,113.8,1381.1,False,25,24.0
RlongCfewTmedium_2,RlongCfewTmedium,RlongCfewTmedium_2_LA_MIPTAIL_20260817_150716_001.json,177,84.7,342.3,False,25,24.0
RlongCfewTmedium_21,RlongCfewTmedium,RlongCfewTmedium_21_LA_MIPTAIL_20260817_150941_073.json,174,90.1,430.2,False,25,24.0
RlongCfewTmedium_23,RlongCfewTmedium,RlongCfewTmedium_23_LA_MIPTAIL_20260817_150727_073.json,165,89.9,480.1,False,25,24.0
RlongCfewTmedium_24,RlongCfewTmedium,RlongCfewTmedium_24_LA_MIPTAIL_20260817_150740_073.json,166,94.5,373.2,False,25,24.0
RlongCfewTmedium_3,RlongCfewTmedium,RlongCfewTmedium_3_LA_MIPTAIL_20260817_150727_001.json,176,81.1,211.6,False,25,24.0
RlongCfewTmedium_4,RlongCfewTmedium,RlongCfewTmedium_4_LA_MIPTAIL_20260817_150740_001.json,171,95.4,350.1,False,25,24.0
RlongCfewTmedium_5,RlongCfewTmedium,RlongCfewTmedium_5_LA_MIPTAIL_20260817_150752_001.json,172,81.6,272.4,False,25,24.0
RlongCfewTmedium_7,RlongCfewTmedium,RlongCfewTmedium_7_LA_MIPTAIL_20260818_111057_000.json,147,81.1,273.4,False,25,24.0
RlongCfewTmedium_8,RlongCfewTmedium,RlongCfewTmedium_8_LA_MIPTAIL_20260817_150807_001.json,156,80.1,236.4,False,25,24.0
RlongCfewTmedium_9,RlongCfewTmedium,RlongCfewTmedium_9_LA_MIPTAIL_20260817_150812_001.json,163,103.4,887.3,False,25,24.0
RlongCfewTnone_1,RlongCfewTnone,RlongCfewTnone_1_LA_MIPTAIL_20260816_231021_000.json,186,104.2,371.5,False,25,24.0
RlongCfewTnone_10,RlongCfewTnone,RlongCfewTnone_10_LA_MIPTAIL_20260816_231021_009.json,156,102.8,309.9,False,25,24.0
RlongCfewTnone_11,RlongCfewTnone,RlongCfewTnone_11_LA_MIPTAIL_20260817_150941_038.json,174,89.6,364.6,False,25,24.0
RlongCfewTnone_12,RlongCfewTnone,RlongCfewTnone_12_LA_MIPTAIL_20260817_150716_038.json,155,94.7,452.8,False,25,24.0
RlongCfewTnone_13,RlongCfewTnone,RlongCfewTnone_13_LA_MIPTAIL_20260817_150727_038.json,161,86.1,723.1,False,25,24.0
RlongCfewTnone_14,RlongCfewTnone,RlongCfewTnone_14_LA_MIPTAIL_20260817_150740_038.json,180,77.4,214.5,False,25,24.0
RlongCfewTnone_16,RlongCfewTnone,RlongCfewTnone_16_LA_MIPTAIL_20260817_150754_038.json,185,90.6,395.5,False,25,24.0
RlongCfewTnone_17,RlongCfewTnone,RlongCfewTnone_17_LA_MIPTAIL_20260818_111057_011.json,187,84.9,443.5,False,25,24.0
RlongCfewTnone_18,RlongCfewTnone,RlongCfewTnone_18_LA_MIPTAIL_20260817_150807_038.json,163,76.1,212.4,False,25,24.0
RlongCfewTnone_19,RlongCfewTnone,RlongCfewTnone_19_LA_MIPTAIL_20260817_150812_038.json,177,78.0,200.7,False,25,24.0
RlongCfewTnone_2,RlongCfewTnone,RlongCfewTnone_2_LA_MIPTAIL_20260816_231021_001.json,155,89.6,308.6,False,25,24.0
RlongCfewTnone_20,RlongCfewTnone,RlongCfewTnone_20_LA_MIPTAIL_20260817_150816_038.json,165,94.8,372.6,False,25,24.0
RlongCfewTnone_22,RlongCfewTnone,RlongCfewTnone_22_LA_MIPTAIL_20260817_150716_074.json,156,88.7,264.9,False,25,24.0
RlongCfewTnone_24,RlongCfewTnone,RlongCfewTnone_24_LA_MIPTAIL_20260817_150740_074.json,157,77.3,194.5,False,25,24.0
RlongCfewTnone_25,RlongCfewTnone,RlongCfewTnone_25_LA_MIPTAIL_20260817_150752_074.json,167,102.2,597.7,False,25,24.0
RlongCfewTnone_3,RlongCfewTnone,RlongCfewTnone_3_LA_MIPTAIL_20260817_150727_002.json,167,77.1,198.0,False,25,24.0
RlongCfewTnone_4,RlongCfewTnone,RlongCfewTnone_4_LA_MIPTAIL_20260817_150740_002.json,162,74.6,186.6,False,25,24.0
RlongCfewTnone_5,RlongCfewTnone,RlongCfewTnone_5_LA_MIPTAIL_20260816_231021_004.json,174,97.4,359.0,False,25,24.0
RlongCfewTnone_6,RlongCfewTnone,RlongCfewTnone_6_LA_MIPTAIL_20260818_111030_001.json,177,80.2,218.8,False,25,24.0
RlongCfewTnone_7,RlongCfewTnone,RlongCfewTnone_7_LA_MIPTAIL_20260818_111057_001.json,184,108.6,798.4,False,25,24.0
RlongCfewTnone_8,RlongCfewTnone,RlongCfewTnone_8_LA_MIPTAIL_20260818_111103_001.json,157,99.3,323.3,False,25,24.0
RlongCfewTnone_9,RlongCfewTnone,RlongCfewTnone_9_LA_MIPTAIL_20260817_150812_002.json,144,87.5,610.8,False,25,24.0
RlongCfewTtight_1,RlongCfewTtight,RlongCfewTtight_1_LA_MIPTAIL_20260816_231021_010.json,183,92.0,263.1,False,25,24.0
RlongCfewTtight_10,RlongCfewTtight,RlongCfewTtight_10_LA_MIPTAIL_20260817_150816_003.json,164,95.1,529.7,False,25,24.0
RlongCfewTtight_11,RlongCfewTtight,RlongCfewTtight_11_LA_MIPTAIL_20260817_150941_039.json,164,82.1,334.3,False,25,24.0
RlongCfewTtight_14,RlongCfewTtight,RlongCfewTtight_14_LA_MIPTAIL_20260817_150740_039.json,183,81.3,286.4,False,25,24.0
RlongCfewTtight_15,RlongCfewTtight,RlongCfewTtight_15_LA_MIPTAIL_20260817_150752_039.json,167,82.7,248.6,False,25,24.0
RlongCfewTtight_16,RlongCfewTtight,RlongCfewTtight_16_LA_MIPTAIL_20260818_111030_010.json,145,90.4,417.2,True,25,24.0
RlongCfewTtight_17,RlongCfewTtight,RlongCfewTtight_17_LA_MIPTAIL_20260817_150800_039.json,188,94.9,503.7,False,25,24.0
RlongCfewTtight_19,RlongCfewTtight,RlongCfewTtight_19_LA_MIPTAIL_20260818_111117_011.json,169,87.5,665.5,True,25,24.0
RlongCfewTtight_2,RlongCfewTtight,RlongCfewTtight_2_LA_MIPTAIL_20260816_231021_011.json,180,90.7,256.8,False,25,24.0
RlongCfewTtight_20,RlongCfewTtight,RlongCfewTtight_20_LA_MIPTAIL_20260817_150816_039.json,149,87.0,241.4,False,25,24.0
RlongCfewTtight_3,RlongCfewTtight,RlongCfewTtight_3_LA_MIPTAIL_20260817_150727_003.json,184,79.3,283.2,False,25,24.0
RlongCfewTtight_4,RlongCfewTtight,RlongCfewTtight_4_LA_MIPTAIL_20260816_231021_013.json,186,103.0,332.1,False,25,24.0
RlongCfewTtight_5,RlongCfewTtight,RlongCfewTtight_5_LA_MIPTAIL_20260817_150752_003.json,155,86.3,256.0,False,25,24.0
RlongCfewTtight_6,RlongCfewTtight,RlongCfewTtight_6_LA_MIPTAIL_20260817_150754_003.json,171,83.9,248.3,False,25,24.0
RlongCfewTtight_7,RlongCfewTtight,RlongCfewTtight_7_LA_MIPTAIL_20260818_111057_002.json,153,96.9,794.4,False,25,24.0
RlongCfewTtight_8,RlongCfewTtight,RlongCfewTtight_8_LA_MIPTAIL_20260818_111103_002.json,165,80.6,252.4,False,25,24.0
RlongCfewTtight_9,RlongCfewTtight,RlongCfewTtight_9_LA_MIPTAIL_20260818_111117_001.json,169,109.0,833.9,False,25,24.0
RlongCmanyTlarge_1,RlongCmanyTlarge,RlongCmanyTlarge_1_LA_MIPTAIL_20260817_150941_004.json,148,86.7,284.3,False,25,24.0
RlongCmanyTlarge_13,RlongCmanyTlarge,RlongCmanyTlarge_13_LA_MIPTAIL_20260817_150727_040.json,155,105.8,858.9,False,25,24.0
RlongCmanyTlarge_14,RlongCmanyTlarge,RlongCmanyTlarge_14_LA_MIPTAIL_20260817_150740_040.json,172,87.3,330.5,False,25,24.0
RlongCmanyTlarge_16,RlongCmanyTlarge,RlongCmanyTlarge_16_LA_MIPTAIL_20260818_111030_011.json,167,79.6,219.9,False,25,24.0
RlongCmanyTlarge_18,RlongCmanyTlarge,RlongCmanyTlarge_18_LA_MIPTAIL_20260818_111103_011.json,170,77.6,252.2,False,25,24.0
RlongCmanyTlarge_19,RlongCmanyTlarge,RlongCmanyTlarge_19_LA_MIPTAIL_20260817_150812_040.json,162,81.4,279.5,False,25,24.0
RlongCmanyTlarge_2,RlongCmanyTlarge,RlongCmanyTlarge_2_LA_MIPTAIL_20260817_150716_004.json,182,89.7,293.9,False,25,24.0
RlongCmanyTlarge_20,RlongCmanyTlarge,RlongCmanyTlarge_20_LA_MIPTAIL_20260817_150816_040.json,163,88.4,340.8,False,25,24.0
RlongCmanyTlarge_21,RlongCmanyTlarge,RlongCmanyTlarge_21_LA_MIPTAIL_20260817_150941_076.json,187,102.8,790.0,False,25,24.0
RlongCmanyTlarge_22,RlongCmanyTlarge,RlongCmanyTlarge_22_LA_MIPTAIL_20260817_150716_076.json,157,92.4,469.2,False,25,24.0
RlongCmanyTlarge_25,RlongCmanyTlarge,RlongCmanyTlarge_25_LA_MIPTAIL_20260817_150752_076.json,146,84.8,244.0,False,25,24.0
RlongCmanyTlarge_4,RlongCmanyTlarge,RlongCmanyTlarge_4_LA_MIPTAIL_20260817_150740_004.json,182,86.0,302.2,False,25,24.0
RlongCmanyTlarge_6,RlongCmanyTlarge,RlongCmanyTlarge_6_LA_MIPTAIL_20260817_150754_004.json,144,87.2,215.6,False,25,24.0
RlongCmanyTlarge_7,RlongCmanyTlarge,RlongCmanyTlarge_7_LA_MIPTAIL_20260818_111057_003.json,156,82.6,253.0,False,25,24.0
RlongCmanyTlarge_8,RlongCmanyTlarge,RlongCmanyTlarge_8_LA_MIPTAIL_20260817_150807_004.json,147,83.0,316.4,False,25,24.0
RlongCmanyTlarge_9,RlongCmanyTlarge,RlongCmanyTlarge_9_LA_MIPTAIL_20260817_150812_004.json,165,109.4,495.2,False,25,24.0
RlongCmanyTmedium_1,RlongCmanyTmedium,RlongCmanyTmedium_1_LA_MIPTAIL_20260817_150941_005.json,162,94.9,515.6,False,25,24.0
RlongCmanyTmedium_10,RlongCmanyTmedium,RlongCmanyTmedium_10_LA_MIPTAIL_20260817_150816_005.json,146,93.7,323.3,False,25,24.0
RlongCmanyTmedium_11,RlongCmanyTmedium,RlongCmanyTmedium_11_LA_MIPTAIL_20260817_150941_041.json,150,93.2,431.1,False,25,24.0
RlongCmanyTmedium_12,RlongCmanyTmedium,RlongCmanyTmedium_12_LA_MIPTAIL_20260817_150716_041.json,147,95.9,329.8,False,25,24.0
RlongCmanyTmedium_14,RlongCmanyTmedium,RlongCmanyTmedium_14_LA_MIPTAIL_20260817_150740_041.json,166,83.9,225.2,False,25,24.0
RlongCmanyTmedium_15,RlongCmanyTmedium,RlongCmanyTmedium_15_LA_MIPTAIL_20260817_150752_041.json,162,90.0,270.3,False,25,24.0
RlongCmanyTmedium_16,RlongCmanyTmedium,RlongCmanyTmedium_16_LA_MIPTAIL_20260817_150754_041.json,151,87.3,265.8,False,25,24.0
RlongCmanyTmedium_17,RlongCmanyTmedium,RlongCmanyTmedium_17_LA_MIPTAIL_20260818_111057_013.json,186,111.7,652.5,False,25,24.0
RlongCmanyTmedium_18,RlongCmanyTmedium,RlongCmanyTmedium_18_LA_MIPTAIL_20260818_111103_012.json,167,91.5,291.9,False,25,24.0
RlongCmanyTmedium_19,RlongCmanyTmedium,RlongCmanyTmedium_19_LA_MIPTAIL_20260818_111117_012.json,175,113.2,1141.4,False,25,24.0
RlongCmanyTmedium_20,RlongCmanyTmedium,RlongCmanyTmedium_20_LA_MIPTAIL_20260817_150816_041.json,170,107.0,538.9,False,25,24.0
RlongCmanyTmedium_21,RlongCmanyTmedium,RlongCmanyTmedium_21_LA_MIPTAIL_20260817_150941_077.json,177,99.2,526.6,False,25,24.0
RlongCmanyTmedium_22,RlongCmanyTmedium,RlongCmanyTmedium_22_LA_MIPTAIL_20260817_150716_077.json,156,92.2,292.8,False,25,24.0
RlongCmanyTmedium_23,RlongCmanyTmedium,RlongCmanyTmedium_23_LA_MIPTAIL_20260817_150727_077.json,152,93.7,538.4,False,25,24.0
RlongCmanyTmedium_3,RlongCmanyTmedium,RlongCmanyTmedium_3_LA_MIPTAIL_20260817_150727_005.json,155,84.9,214.6,False,25,24.0
RlongCmanyTmedium_6,RlongCmanyTmedium,RlongCmanyTmedium_6_LA_MIPTAIL_20260818_111030_002.json,161,82.2,224.5,False,25,24.0
RlongCmanyTmedium_7,RlongCmanyTmedium,RlongCmanyTmedium_7_LA_MIPTAIL_20260818_111057_004.json,177,111.6,680.3,False,25,24.0
RlongCmanyTmedium_9,RlongCmanyTmedium,RlongCmanyTmedium_9_LA_MIPTAIL_20260817_150812_005.json,187,89.6,347.2,False,25,24.0
RlongCmanyTnone_1,RlongCmanyTnone,RlongCmanyTnone_1_LA_MIPTAIL_20260816_231021_020.json,165,104.5,467.9,False,25,24.0
RlongCmanyTnone_10,RlongCmanyTnone,RlongCmanyTnone_10_LA_MIPTAIL_20260817_150816_006.json,153,118.6,835.2,False,25,24.0
RlongCmanyTnone_11,RlongCmanyTnone,RlongCmanyTnone_11_LA_MIPTAIL_20260817_150941_042.json,169,95.8,533.9,False,25,24.0
RlongCmanyTnone_12,RlongCmanyTnone,RlongCmanyTnone_12_LA_MIPTAIL_20260817_150716_042.json,174,80.6,267.5,False,25,24.0
RlongCmanyTnone_15,RlongCmanyTnone,RlongCmanyTnone_15_LA_MIPTAIL_20260817_150752_042.json,153,91.8,356.1,False,25,24.0
RlongCmanyTnone_17,RlongCmanyTnone,RlongCmanyTnone_17_LA_MIPTAIL_20260818_111057_014.json,190,79.2,313.7,False,25,24.0
RlongCmanyTnone_18,RlongCmanyTnone,RlongCmanyTnone_18_LA_MIPTAIL_20260817_150807_042.json,178,81.7,286.2,False,25,24.0
RlongCmanyTnone_19,RlongCmanyTnone,RlongCmanyTnone_19_LA_MIPTAIL_20260817_150812_042.json,175,79.2,213.0,False,25,24.0
RlongCmanyTnone_2,RlongCmanyTnone,RlongCmanyTnone_2_LA_MIPTAIL_20260817_150716_006.json,185,89.6,256.0,False,25,24.0
RlongCmanyTnone_20,RlongCmanyTnone,RlongCmanyTnone_20_LA_MIPTAIL_20260817_150816_042.json,162,83.8,443.1,False,25,24.0
RlongCmanyTnone_23,RlongCmanyTnone,RlongCmanyTnone_23_LA_MIPTAIL_20260817_150727_078.json,155,85.0,227.0,False,25,24.0
RlongCmanyTnone_3,RlongCmanyTnone,RlongCmanyTnone_3_LA_MIPTAIL_20260816_231021_022.json,153,108.0,380.9,False,25,24.0
RlongCmanyTnone_4,RlongCmanyTnone,RlongCmanyTnone_4_LA_MIPTAIL_20260816_231021_023.json,180,96.7,270.9,False,25,24.0
RlongCmanyTnone_5,RlongCmanyTnone,RlongCmanyTnone_5_LA_MIPTAIL_20260816_231021_024.json,178,92.8,305.6,False,25,24.0
RlongCmanyTnone_6,RlongCmanyTnone,RlongCmanyTnone_6_LA_MIPTAIL_20260817_150754_006.json,187,84.6,299.6,False,25,24.0
RlongCmanyTnone_7,RlongCmanyTnone,RlongCmanyTnone_7_LA_MIPTAIL_20260817_150800_006.json,197,96.8,401.5,False,25,24.0
RlongCmanyTnone_8,RlongCmanyTnone,RlongCmanyTnone_8_LA_MIPTAIL_20260818_111103_004.json,146,94.7,305.3,False,25,24.0
RlongCmanyTnone_9,RlongCmanyTnone,RlongCmanyTnone_9_LA_MIPTAIL_20260818_111117_002.json,163,102.7,555.6,False,25,24.0
RlongCmanyTtight_1,RlongCmanyTtight,RlongCmanyTtight_1_LA_MIPTAIL_20260817_150941_007.json,152,108.7,335.2,False,25,24.0
RlongCmanyTtight_10,RlongCmanyTtight,RlongCmanyTtight_10_LA_MIPTAIL_20260817_150816_007.json,148,115.9,710.5,False,25,24.0
RlongCmanyTtight_11,RlongCmanyTtight,RlongCmanyTtight_11_LA_MIPTAIL_20260817_150941_043.json,148,132.6,1299.0,False,25,24.0
RlongCmanyTtight_12,RlongCmanyTtight,RlongCmanyTtight_12_LA_MIPTAIL_20260817_150716_043.json,151,123.6,590.7,False,25,24.0
RlongCmanyTtight_13,RlongCmanyTtight,RlongCmanyTtight_13_LA_MIPTAIL_20260817_150727_043.json,150,111.2,443.8,False,25,24.0
RlongCmanyTtight_15,RlongCmanyTtight,RlongCmanyTtight_15_LA_MIPTAIL_20260817_150752_043.json,174,106.5,588.7,False,25,24.0
RlongCmanyTtight_16,RlongCmanyTtight,RlongCmanyTtight_16_LA_MIPTAIL_20260817_150754_043.json,156,119.1,815.9,False,25,24.0
RlongCmanyTtight_18,RlongCmanyTtight,RlongCmanyTtight_18_LA_MIPTAIL_20260817_150807_043.json,172,116.0,425.5,False,25,24.0
RlongCmanyTtight_19,RlongCmanyTtight,RlongCmanyTtight_19_LA_MIPTAIL_20260818_111117_013.json,149,131.6,662.4,False,25,24.0
RlongCmanyTtight_20,RlongCmanyTtight,RlongCmanyTtight_20_LA_MIPTAIL_20260817_150816_043.json,165,98.1,430.0,False,25,24.0
RlongCmanyTtight_22,RlongCmanyTtight,RlongCmanyTtight_22_LA_MIPTAIL_20260817_150716_079.json,167,116.8,431.1,False,25,24.0
RlongCmanyTtight_23,RlongCmanyTtight,RlongCmanyTtight_23_LA_MIPTAIL_20260817_150727_079.json,146,89.7,322.0,False,25,24.0
RlongCmanyTtight_25,RlongCmanyTtight,RlongCmanyTtight_25_LA_MIPTAIL_20260817_150752_079.json,158,95.9,318.0,False,25,24.0
RlongCmanyTtight_4,RlongCmanyTtight,RlongCmanyTtight_4_LA_MIPTAIL_20260817_150740_007.json,185,124.2,971.5,False,25,24.0
RlongCmanyTtight_5,RlongCmanyTtight,RlongCmanyTtight_5_LA_MIPTAIL_20260817_150752_007.json,172,96.8,254.3,False,25,24.0
RlongCmanyTtight_6,RlongCmanyTtight,RlongCmanyTtight_6_LA_MIPTAIL_20260817_150754_007.json,150,90.9,295.8,False,25,24.0
RlongCmanyTtight_7,RlongCmanyTtight,RlongCmanyTtight_7_LA_MIPTAIL_20260817_150800_007.json,178,101.7,802.2,False,25,24.0
RlongCmanyTtight_8,RlongCmanyTtight,RlongCmanyTtight_8_LA_MIPTAIL_20260817_150807_007.json,153,114.4,939.1,False,25,24.0
RlongCmanyTtight_9,RlongCmanyTtight,RlongCmanyTtight_9_LA_MIPTAIL_20260817_150812_007.json,152,119.4,646.0,False,25,24.0
RlongCmediumTlarge_1,RlongCmediumTlarge,RlongCmediumTlarge_1_LA_MIPTAIL_20260817_150941_008.json,151,105.3,630.2,False,25,24.0
RlongCmediumTlarge_10,RlongCmediumTlarge,RlongCmediumTlarge_10_LA_MIPTAIL_20260817_150816_008.json,184,82.8,310.8,False,25,24.0
RlongCmediumTlarge_12,RlongCmediumTlarge,RlongCmediumTlarge_12_LA_MIPTAIL_20260817_150716_044.json,167,94.9,527.6,False,25,24.0
RlongCmediumTlarge_14,RlongCmediumTlarge,RlongCmediumTlarge_14_LA_MIPTAIL_20260817_150740_044.json,186,79.0,258.9,False,25,24.0
RlongCmediumTlarge_15,RlongCmediumTlarge,RlongCmediumTlarge_15_LA_MIPTAIL_20260817_150752_044.json,145,83.9,224.4,False,25,24.0
RlongCmediumTlarge_16,RlongCmediumTlarge,RlongCmediumTlarge_16_LA_MIPTAIL_20260818_111030_013.json,188,100.3,708.4,False,25,24.0
RlongCmediumTlarge_17,RlongCmediumTlarge,RlongCmediumTlarge_17_LA_MIPTAIL_20260817_150800_044.json,171,88.2,430.3,False,25,24.0
RlongCmediumTlarge_18,RlongCmediumTlarge,RlongCmediumTlarge_18_LA_MIPTAIL_20260817_150807_044.json,141,81.4,219.6,False,25,24.0
RlongCmediumTlarge_19,RlongCmediumTlarge,RlongCmediumTlarge_19_LA_MIPTAIL_20260818_111117_014.json,157,92.1,406.0,False,25,24.0
RlongCmediumTlarge_20,RlongCmediumTlarge,RlongCmediumTlarge_20_LA_MIPTAIL_20260817_150816_044.json,171,94.4,565.7,False,25,24.0
RlongCmediumTlarge_23,RlongCmediumTlarge,RlongCmediumTlarge_23_LA_MIPTAIL_20260817_150727_080.json,173,91.4,801.6,False,25,24.0
RlongCmediumTlarge_24,RlongCmediumTlarge,RlongCmediumTlarge_24_LA_MIPTAIL_20260817_150740_080.json,185,94.2,438.4,False,25,24.0
RlongCmediumTlarge_4,RlongCmediumTlarge,RlongCmediumTlarge_4_LA_MIPTAIL_20260817_150740_008.json,179,77.6,276.0,False,25,24.0
RlongCmediumTlarge_5,RlongCmediumTlarge,RlongCmediumTlarge_5_LA_MIPTAIL_20260817_150752_008.json,161,98.0,708.4,False,25,24.0
RlongCmediumTlarge_6,RlongCmediumTlarge,RlongCmediumTlarge_6_LA_MIPTAIL_20260818_111030_003.json,177,108.5,606.0,False,25,24.0
RlongCmediumTlarge_7,RlongCmediumTlarge,RlongCmediumTlarge_7_LA_MIPTAIL_20260818_111057_005.json,170,86.8,320.1,False,25,24.0
RlongCmediumTlarge_8,RlongCmediumTlarge,RlongCmediumTlarge_8_LA_MIPTAIL_20260817_150807_008.json,160,84.6,255.4,False,25,24.0
RlongCmediumTlarge_9,RlongCmediumTlarge,RlongCmediumTlarge_9_LA_MIPTAIL_20260818_111117_003.json,145,87.5,227.4,False,25,24.0
RlongCmediumTmedium_10,RlongCmediumTmedium,RlongCmediumTmedium_10_LA_MIPTAIL_20260817_150816_009.json,159,84.8,213.7,False,25,24.0
RlongCmediumTmedium_11,RlongCmediumTmedium,RlongCmediumTmedium_11_LA_MIPTAIL_20260817_150941_045.json,186,101.0,468.2,False,25,24.0
RlongCmediumTmedium_12,RlongCmediumTmedium,RlongCmediumTmedium_12_LA_MIPTAIL_20260817_150716_045.json,179,85.4,242.8,False,25,24.0
RlongCmediumTmedium_14,RlongCmediumTmedium,RlongCmediumTmedium_14_LA_MIPTAIL_20260817_150740_045.json,155,86.4,269.9,False,25,24.0
RlongCmediumTmedium_16,RlongCmediumTmedium,RlongCmediumTmedium_16_LA_MIPTAIL_20260817_150754_045.json,145,81.9,249.9,False,25,24.0
RlongCmediumTmedium_17,RlongCmediumTmedium,RlongCmediumTmedium_17_LA_MIPTAIL_20260818_111057_016.json,156,94.2,750.9,False,25,24.0
RlongCmediumTmedium_18,RlongCmediumTmedium,RlongCmediumTmedium_18_LA_MIPTAIL_20260818_111103_013.json,179,85.6,325.5,False,25,24.0
RlongCmediumTmedium_19,RlongCmediumTmedium,RlongCmediumTmedium_19_LA_MIPTAIL_20260818_111117_015.json,146,88.2,271.1,False,25,24.0
RlongCmediumTmedium_2,RlongCmediumTmedium,RlongCmediumTmedium_2_LA_MIPTAIL_20260817_150716_009.json,166,88.1,273.4,False,25,24.0
RlongCmediumTmedium_20,RlongCmediumTmedium,RlongCmediumTmedium_20_LA_MIPTAIL_20260817_150816_045.json,156,95.1,574.2,False,25,24.0
RlongCmediumTmedium_22,RlongCmediumTmedium,RlongCmediumTmedium_22_LA_MIPTAIL_20260817_150716_081.json,183,99.0,577.1,False,25,24.0
RlongCmediumTmedium_23,RlongCmediumTmedium,RlongCmediumTmedium_23_LA_MIPTAIL_20260817_150727_081.json,171,94.7,330.6,False,25,24.0
RlongCmediumTmedium_25,RlongCmediumTmedium,RlongCmediumTmedium_25_LA_MIPTAIL_20260817_150752_081.json,178,108.8,625.5,False,25,24.0
RlongCmediumTmedium_4,RlongCmediumTmedium,RlongCmediumTmedium_4_LA_MIPTAIL_20260817_150740_009.json,179,90.0,499.8,False,25,24.0
RlongCmediumTmedium_5,RlongCmediumTmedium,RlongCmediumTmedium_5_LA_MIPTAIL_20260817_150752_009.json,158,81.7,220.5,False,25,24.0
RlongCmediumTmedium_6,RlongCmediumTmedium,RlongCmediumTmedium_6_LA_MIPTAIL_20260818_111030_004.json,187,84.2,216.8,False,25,24.0
RlongCmediumTmedium_7,RlongCmediumTmedium,RlongCmediumTmedium_7_LA_MIPTAIL_20260817_150800_009.json,169,89.9,316.0,False,25,24.0
RlongCmediumTmedium_8,RlongCmediumTmedium,RlongCmediumTmedium_8_LA_MIPTAIL_20260817_150807_009.json,187,94.3,590.9,False,25,24.0
RlongCmediumTmedium_9,RlongCmediumTmedium,RlongCmediumTmedium_9_LA_MIPTAIL_20260818_111117_004.json,159,86.4,260.7,False,25,24.0
RlongCmediumTnone_10,RlongCmediumTnone,RlongCmediumTnone_10_LA_MIPTAIL_20260817_150816_010.json,152,79.6,214.2,False,25,24.0
RlongCmediumTnone_11,RlongCmediumTnone,RlongCmediumTnone_11_LA_MIPTAIL_20260817_150941_046.json,153,79.4,207.9,False,25,24.0
RlongCmediumTnone_12,RlongCmediumTnone,RlongCmediumTnone_12_LA_MIPTAIL_20260817_150716_046.json,175,83.5,266.7,False,25,24.0
RlongCmediumTnone_13,RlongCmediumTnone,RlongCmediumTnone_13_LA_MIPTAIL_20260817_150727_046.json,171,95.1,365.5,False,25,24.0
RlongCmediumTnone_14,RlongCmediumTnone,RlongCmediumTnone_14_LA_MIPTAIL_20260817_150740_046.json,152,77.6,200.5,False,25,24.0
RlongCmediumTnone_16,RlongCmediumTnone,RlongCmediumTnone_16_LA_MIPTAIL_20260817_150754_046.json,145,80.0,207.7,False,25,24.0
RlongCmediumTnone_17,RlongCmediumTnone,RlongCmediumTnone_17_LA_MIPTAIL_20260817_150800_046.json,143,80.6,216.6,False,25,24.0
RlongCmediumTnone_18,RlongCmediumTnone,RlongCmediumTnone_18_LA_MIPTAIL_20260817_150807_046.json,179,90.3,357.9,False,25,24.0
RlongCmediumTnone_19,RlongCmediumTnone,RlongCmediumTnone_19_LA_MIPTAIL_20260817_150812_046.json,149,87.1,435.4,False,25,24.0
RlongCmediumTnone_2,RlongCmediumTnone,RlongCmediumTnone_2_LA_MIPTAIL_20260817_150716_010.json,180,75.2,206.2,False,25,24.0
RlongCmediumTnone_20,RlongCmediumTnone,RlongCmediumTnone_20_LA_MIPTAIL_20260818_111122_011.json,161,89.8,467.8,False,25,24.0
RlongCmediumTnone_21,RlongCmediumTnone,RlongCmediumTnone_21_LA_MIPTAIL_20260817_150941_082.json,149,79.7,210.3,False,25,24.0
RlongCmediumTnone_23,RlongCmediumTnone,RlongCmediumTnone_23_LA_MIPTAIL_20260817_150727_082.json,155,86.6,361.5,False,25,24.0
RlongCmediumTnone_3,RlongCmediumTnone,RlongCmediumTnone_3_LA_MIPTAIL_20260817_150727_010.json,174,75.3,203.5,False,25,24.0
RlongCmediumTnone_4,RlongCmediumTnone,RlongCmediumTnone_4_LA_MIPTAIL_20260817_150740_010.json,170,78.9,211.9,False,25,24.0
RlongCmediumTnone_5,RlongCmediumTnone,RlongCmediumTnone_5_LA_MIPTAIL_20260817_150752_010.json,177,71.8,211.0,False,25,24.0
RlongCmediumTnone_6,RlongCmediumTnone,RlongCmediumTnone_6_LA_MIPTAIL_20260817_150754_010.json,150,81.2,285.6,False,25,24.0
RlongCmediumTnone_7,RlongCmediumTnone,RlongCmediumTnone_7_LA_MIPTAIL_20260818_111057_006.json,173,92.3,397.1,False,25,24.0
RlongCmediumTnone_8,RlongCmediumTnone,RlongCmediumTnone_8_LA_MIPTAIL_20260818_111103_005.json,174,86.3,383.8,False,25,24.0
RlongCmediumTnone_9,RlongCmediumTnone,RlongCmediumTnone_9_LA_MIPTAIL_20260817_150812_010.json,152,91.0,559.1,False,25,24.0
RlongCmediumTtight_10,RlongCmediumTtight,RlongCmediumTtight_10_LA_MIPTAIL_20260817_150816_011.json,166,102.9,661.5,False,25,24.0
RlongCmediumTtight_14,RlongCmediumTtight,RlongCmediumTtight_14_LA_MIPTAIL_20260817_150740_047.json,184,94.4,400.0,False,25,24.0
RlongCmediumTtight_16,RlongCmediumTtight,RlongCmediumTtight_16_LA_MIPTAIL_20260817_150754_047.json,163,107.5,824.1,False,25,24.0
RlongCmediumTtight_18,RlongCmediumTtight,RlongCmediumTtight_18_LA_MIPTAIL_20260817_150807_047.json,171,82.5,259.5,False,25,24.0
RlongCmediumTtight_19,RlongCmediumTtight,RlongCmediumTtight_19_LA_MIPTAIL_20260818_111117_016.json,173,125.4,928.0,False,25,24.0
RlongCmediumTtight_20,RlongCmediumTtight,RlongCmediumTtight_20_LA_MIPTAIL_20260817_150816_047.json,154,101.9,799.5,False,25,24.0
RlongCmediumTtight_25,RlongCmediumTtight,RlongCmediumTtight_25_LA_MIPTAIL_20260817_150752_083.json,183,87.3,272.2,False,25,24.0
RlongCmediumTtight_5,RlongCmediumTtight,RlongCmediumTtight_5_LA_MIPTAIL_20260817_150752_011.json,157,83.8,222.4,False,25,24.0
RlongCmediumTtight_6,RlongCmediumTtight,RlongCmediumTtight_6_LA_MIPTAIL_20260817_150754_011.json,153,97.4,618.3,False,25,24.0
RlongCmediumTtight_7,RlongCmediumTtight,RlongCmediumTtight_7_LA_MIPTAIL_20260817_150800_011.json,182,90.0,277.5,False,25,24.0
RlongCmediumTtight_8,RlongCmediumTtight,RlongCmediumTtight_8_LA_MIPTAIL_20260818_111103_006.json,184,85.3,305.6,False,25,24.0
RmediumCfewTlarge_10,RmediumCfewTlarge,RmediumCfewTlarge_10_LA_MIPTAIL_20260818_111122_003.json,114,70.1,185.8,False,25,24.0
RmediumCfewTlarge_12,RmediumCfewTlarge,RmediumCfewTlarge_12_LA_MIPTAIL_20260817_150716_048.json,97,70.9,190.4,False,25,24.0
RmediumCfewTlarge_14,RmediumCfewTlarge,RmediumCfewTlarge_14_LA_MIPTAIL_20260817_150740_048.json,107,83.1,207.9,False,25,24.0
RmediumCfewTlarge_15,RmediumCfewTlarge,RmediumCfewTlarge_15_LA_MIPTAIL_20260817_150752_048.json,74,60.9,210.3,False,25,24.0
RmediumCfewTlarge_16,RmediumCfewTlarge,RmediumCfewTlarge_16_LA_MIPTAIL_20260817_150754_048.json,117,89.2,412.3,False,25,24.0
RmediumCfewTlarge_17,RmediumCfewTlarge,RmediumCfewTlarge_17_LA_MIPTAIL_20260817_150800_048.json,97,72.0,222.1,False,25,24.0
RmediumCfewTlarge_18,RmediumCfewTlarge,RmediumCfewTlarge_18_LA_MIPTAIL_20260817_150807_048.json,73,68.6,227.9,False,25,24.0
RmediumCfewTlarge_19,RmediumCfewTlarge,RmediumCfewTlarge_19_LA_MIPTAIL_20260817_150812_048.json,100,70.6,198.3,False,25,24.0
RmediumCfewTlarge_2,RmediumCfewTlarge,RmediumCfewTlarge_2_LA_MIPTAIL_20260817_150716_012.json,89,77.7,212.6,False,25,24.0
RmediumCfewTlarge_20,RmediumCfewTlarge,RmediumCfewTlarge_20_LA_MIPTAIL_20260817_150816_048.json,100,72.3,198.1,False,25,24.0
RmediumCfewTlarge_21,RmediumCfewTlarge,RmediumCfewTlarge_21_LA_MIPTAIL_20260817_150941_084.json,108,78.7,195.2,False,25,24.0
RmediumCfewTlarge_23,RmediumCfewTlarge,RmediumCfewTlarge_23_LA_MIPTAIL_20260817_150727_084.json,101,70.6,187.6,False,25,24.0
RmediumCfewTlarge_24,RmediumCfewTlarge,RmediumCfewTlarge_24_LA_MIPTAIL_20260817_150740_084.json,96,70.5,194.4,False,25,24.0
RmediumCfewTlarge_25,RmediumCfewTlarge,RmediumCfewTlarge_25_LA_MIPTAIL_20260817_150752_084.json,79,65.4,185.9,False,25,24.0
RmediumCfewTlarge_5,RmediumCfewTlarge,RmediumCfewTlarge_5_LA_MIPTAIL_20260817_150752_012.json,101,72.1,234.0,False,25,24.0
RmediumCfewTlarge_6,RmediumCfewTlarge,RmediumCfewTlarge_6_LA_MIPTAIL_20260817_150754_012.json,84,62.5,191.8,False,25,24.0
RmediumCfewTlarge_7,RmediumCfewTlarge,RmediumCfewTlarge_7_LA_MIPTAIL_20260818_111057_007.json,70,67.4,213.2,False,25,24.0
RmediumCfewTlarge_8,RmediumCfewTlarge,RmediumCfewTlarge_8_LA_MIPTAIL_20260817_150807_012.json,84,64.2,202.0,False,25,24.0
RmediumCfewTlarge_9,RmediumCfewTlarge,RmediumCfewTlarge_9_LA_MIPTAIL_20260817_150812_012.json,92,73.3,192.3,False,25,24.0
RmediumCfewTmedium_1,RmediumCfewTmedium,RmediumCfewTmedium_1_LA_MIPTAIL_20260817_150941_013.json,75,59.7,207.7,False,25,24.0
RmediumCfewTmedium_10,RmediumCfewTmedium,RmediumCfewTmedium_10_LA_MIPTAIL_20260817_150816_013.json,92,68.8,190.9,False,25,24.0
RmediumCfewTmedium_11,RmediumCfewTmedium,RmediumCfewTmedium_11_LA_MIPTAIL_20260817_150941_049.json,101,68.4,198.1,False,25,24.0
RmediumCfewTmedium_12,RmediumCfewTmedium,RmediumCfewTmedium_12_LA_MIPTAIL_20260817_150716_049.json,81,70.2,230.6,False,25,24.0
RmediumCfewTmedium_13,RmediumCfewTmedium,RmediumCfewTmedium_13_LA_MIPTAIL_20260817_150727_049.json,92,68.0,197.3,False,25,24.0
RmediumCfewTmedium_14,RmediumCfewTmedium,RmediumCfewTmedium_14_LA_MIPTAIL_20260817_150740_049.json,91,71.0,197.3,False,25,24.0
RmediumCfewTmedium_15,RmediumCfewTmedium,RmediumCfewTmedium_15_LA_MIPTAIL_20260817_150752_049.json,87,79.0,227.4,False,25,24.0
RmediumCfewTmedium_16,RmediumCfewTmedium,RmediumCfewTmedium_16_LA_MIPTAIL_20260817_150754_049.json,83,69.0,196.0,False,25,24.0
RmediumCfewTmedium_17,RmediumCfewTmedium,RmediumCfewTmedium_17_LA_MIPTAIL_20260818_111057_018.json,114,73.2,205.2,False,25,24.0
RmediumCfewTmedium_18,RmediumCfewTmedium,RmediumCfewTmedium_18_LA_MIPTAIL_20260817_150807_049.json,113,73.7,194.9,False,25,24.0
RmediumCfewTmedium_19,RmediumCfewTmedium,RmediumCfewTmedium_19_LA_MIPTAIL_20260817_150812_049.json,86,67.4,232.0,False,25,24.0
RmediumCfewTmedium_2,RmediumCfewTmedium,RmediumCfewTmedium_2_LA_MIPTAIL_20260817_150716_013.json,109,75.5,211.6,False,25,24.0
RmediumCfewTmedium_20,RmediumCfewTmedium,RmediumCfewTmedium_20_LA_MIPTAIL_20260817_150816_049.json,83,65.3,261.4,False,25,24.0
RmediumCfewTmedium_21,RmediumCfewTmedium,RmediumCfewTmedium_21_LA_MIPTAIL_20260817_150941_085.json,106,76.9,202.2,False,25,24.0
RmediumCfewTmedium_23,RmediumCfewTmedium,RmediumCfewTmedium_23_LA_MIPTAIL_20260817_150727_085.json,96,73.6,219.2,False,25,24.0
RmediumCfewTmedium_24,RmediumCfewTmedium,RmediumCfewTmedium_24_LA_MIPTAIL_20260817_150740_085.json,117,84.6,236.3,False,25,24.0
RmediumCfewTmedium_25,RmediumCfewTmedium,RmediumCfewTmedium_25_LA_MIPTAIL_20260817_150752_085.json,86,77.8,235.1,False,25,24.0
RmediumCfewTmedium_5,RmediumCfewTmedium,RmediumCfewTmedium_5_LA_MIPTAIL_20260817_150752_013.json,111,75.3,201.0,False,25,24.0
RmediumCfewTmedium_6,RmediumCfewTmedium,RmediumCfewTmedium_6_LA_MIPTAIL_20260817_150754_013.json,90,71.4,195.9,False,25,24.0
RmediumCfewTmedium_7,RmediumCfewTmedium,RmediumCfewTmedium_7_LA_MIPTAIL_20260817_150800_013.json,91,66.8,192.1,False,25,24.0
RmediumCfewTmedium_8,RmediumCfewTmedium,RmediumCfewTmedium_8_LA_MIPTAIL_20260817_150807_013.json,75,59.7,175.3,False,25,24.0
RmediumCfewTmedium_9,RmediumCfewTmedium,RmediumCfewTmedium_9_LA_MIPTAIL_20260817_150812_013.json,99,79.0,194.2,False,25,24.0
RmediumCfewTnone_1,RmediumCfewTnone,RmediumCfewTnone_1_LA_MIPTAIL_20260817_150941_014.json,97,73.8,222.4,False,25,24.0
RmediumCfewTnone_10,RmediumCfewTnone,RmediumCfewTnone_10_LA_MIPTAIL_20260818_111122_004.json,72,58.1,174.4,False,25,24.0
RmediumCfewTnone_11,RmediumCfewTnone,RmediumCfewTnone_11_LA_MIPTAIL_20260817_150941_050.json,107,79.2,207.1,False,25,24.0
RmediumCfewTnone_12,RmediumCfewTnone,RmediumCfewTnone_12_LA_MIPTAIL_20260813_114825_003.json,75,83.9,320.4,False,25,24.0
RmediumCfewTnone_13,RmediumCfewTnone,RmediumCfewTnone_13_LA_MIPTAIL_20260817_150727_050.json,100,72.0,198.4,False,25,24.0
RmediumCfewTnone_14,RmediumCfewTnone,RmediumCfewTnone_14_LA_MIPTAIL_20260813_114825_005.json,73,80.3,293.7,False,25,24.0
RmediumCfewTnone_15,RmediumCfewTnone,RmediumCfewTnone_15_LA_MIPTAIL_20260813_114825_006.json,93,87.7,305.3,False,25,24.0
RmediumCfewTnone_16,RmediumCfewTnone,RmediumCfewTnone_16_LA_MIPTAIL_20260817_150754_050.json,110,82.1,209.2,False,25,24.0
RmediumCfewTnone_17,RmediumCfewTnone,RmediumCfewTnone_17_LA_MIPTAIL_20260817_150800_050.json,101,73.1,189.5,False,25,24.0
RmediumCfewTnone_18,RmediumCfewTnone,RmediumCfewTnone_18_LA_MIPTAIL_20260817_150807_050.json,104,75.5,195.3,False,25,24.0
RmediumCfewTnone_19,RmediumCfewTnone,RmediumCfewTnone_19_LA_MIPTAIL_20260817_150812_050.json,95,74.5,187.7,False,25,24.0
RmediumCfewTnone_2,RmediumCfewTnone,RmediumCfewTnone_2_LA_MIPTAIL_20260817_150716_014.json,92,67.5,223.1,False,25,24.0
RmediumCfewTnone_20,RmediumCfewTnone,RmediumCfewTnone_20_LA_MIPTAIL_20260818_111122_012.json,96,82.9,221.7,False,25,24.0
RmediumCfewTnone_21,RmediumCfewTnone,RmediumCfewTnone_21_LA_MIPTAIL_20260817_150941_086.json,104,77.9,199.7,False,25,24.0
RmediumCfewTnone_22,RmediumCfewTnone,RmediumCfewTnone_22_LA_MIPTAIL_20260817_150716_086.json,80,63.4,190.1,False,25,24.0
RmediumCfewTnone_23,RmediumCfewTnone,RmediumCfewTnone_23_LA_MIPTAIL_20260813_114825_015.json,117,82.7,269.7,False,25,24.0
RmediumCfewTnone_24,RmediumCfewTnone,RmediumCfewTnone_24_LA_MIPTAIL_20260817_150740_086.json,87,70.5,193.7,False,25,24.0
RmediumCfewTnone_25,RmediumCfewTnone,RmediumCfewTnone_25_LA_MIPTAIL_20260817_150752_086.json,97,74.0,193.3,False,25,24.0
RmediumCfewTnone_3,RmediumCfewTnone,RmediumCfewTnone_3_LA_MIPTAIL_20260813_114825_018.json,103,80.4,222.0,False,25,24.0
RmediumCfewTnone_4,RmediumCfewTnone,RmediumCfewTnone_4_LA_MIPTAIL_20260813_114825_019.json,117,83.7,218.8,False,25,24.0
RmediumCfewTnone_5,RmediumCfewTnone,RmediumCfewTnone_5_LA_MIPTAIL_20260813_114825_020.json,116,77.5,192.6,True,25,24.0
RmediumCfewTnone_6,RmediumCfewTnone,RmediumCfewTnone_6_LA_MIPTAIL_20260817_150754_014.json,100,76.6,213.3,False,25,24.0
RmediumCfewTnone_7,RmediumCfewTnone,RmediumCfewTnone_7_LA_MIPTAIL_20260817_150800_014.json,105,76.4,218.2,True,25,24.0
RmediumCfewTnone_8,RmediumCfewTnone,RmediumCfewTnone_8_LA_MIPTAIL_20260817_150807_014.json,104,70.1,177.5,False,25,24.0
RmediumCfewTnone_9,RmediumCfewTnone,RmediumCfewTnone_9_LA_MIPTAIL_20260818_111117_006.json,85,65.1,178.8,False,25,24.0
RmediumCfewTtight_1,RmediumCfewTtight,RmediumCfewTtight_1_LA_MIPTAIL_20260817_150941_015.json,85,73.6,259.1,False,25,24.0
RmediumCfewTtight_10,RmediumCfewTtight,RmediumCfewTtight_10_LA_MIPTAIL_20260818_111122_005.json,82,70.5,190.0,False,25,24.0
RmediumCfewTtight_11,RmediumCfewTtight,RmediumCfewTtight_11_LA_MIPTAIL_20260817_150941_051.json,105,88.5,326.5,False,25,24.0
RmediumCfewTtight_12,RmediumCfewTtight,RmediumCfewTtight_12_LA_MIPTAIL_20260817_150716_051.json,75,62.0,186.7,False,25,24.0
RmediumCfewTtight_13,RmediumCfewTtight,RmediumCfewTtight_13_LA_MIPTAIL_20260813_114825_029.json,110,102.7,283.2,False,25,24.0
RmediumCfewTtight_14,RmediumCfewTtight,RmediumCfewTtight_14_LA_MIPTAIL_20260813_114825_030.json,103,95.0,236.4,False,25,24.0
RmediumCfewTtight_15,RmediumCfewTtight,RmediumCfewTtight_15_LA_MIPTAIL_20260817_150752_051.json,76,70.9,254.6,False,25,24.0
RmediumCfewTtight_16,RmediumCfewTtight,RmediumCfewTtight_16_LA_MIPTAIL_20260817_150754_051.json,79,71.5,321.0,False,25,24.0
RmediumCfewTtight_17,RmediumCfewTtight,RmediumCfewTtight_17_LA_MIPTAIL_20260817_150800_051.json,107,73.6,205.6,False,25,24.0
RmediumCfewTtight_18,RmediumCfewTtight,RmediumCfewTtight_18_LA_MIPTAIL_20260817_150807_051.json,111,69.0,181.3,False,25,24.0
RmediumCfewTtight_19,RmediumCfewTtight,RmediumCfewTtight_19_LA_MIPTAIL_20260818_111117_017.json,113,89.9,272.5,False,25,24.0
RmediumCfewTtight_2,RmediumCfewTtight,RmediumCfewTtight_2_LA_MIPTAIL_20260813_114825_036.json,106,96.1,275.9,False,25,24.0
RmediumCfewTtight_20,RmediumCfewTtight,RmediumCfewTtight_20_LA_MIPTAIL_20260818_111122_013.json,112,84.8,220.2,False,25,24.0
RmediumCfewTtight_21,RmediumCfewTtight,RmediumCfewTtight_21_LA_MIPTAIL_20260813_114825_038.json,86,104.1,321.0,False,25,24.0
RmediumCfewTtight_22,RmediumCfewTtight,RmediumCfewTtight_22_LA_MIPTAIL_20260813_114825_039.json,72,83.0,260.1,False,25,24.0
RmediumCfewTtight_23,RmediumCfewTtight,RmediumCfewTtight_23_LA_MIPTAIL_20260817_150727_087.json,99,80.9,218.0,False,25,24.0
RmediumCfewTtight_24,RmediumCfewTtight,RmediumCfewTtight_24_LA_MIPTAIL_20260817_150740_087.json,80,68.8,243.3,False,25,24.0
RmediumCfewTtight_25,RmediumCfewTtight,RmediumCfewTtight_25_LA_MIPTAIL_20260817_150752_087.json,116,74.9,196.4,False,25,24.0
RmediumCfewTtight_3,RmediumCfewTtight,RmediumCfewTtight_3_LA_MIPTAIL_20260817_150727_015.json,118,84.3,259.2,False,25,24.0
RmediumCfewTtight_4,RmediumCfewTtight,RmediumCfewTtight_4_LA_MIPTAIL_20260817_150740_015.json,77,71.2,228.1,False,25,24.0
RmediumCfewTtight_5,RmediumCfewTtight,RmediumCfewTtight_5_LA_MIPTAIL_20260817_150752_015.json,86,78.4,253.5,False,25,24.0
RmediumCfewTtight_6,RmediumCfewTtight,RmediumCfewTtight_6_LA_MIPTAIL_20260817_150754_015.json,118,81.2,227.0,False,25,24.0
RmediumCfewTtight_7,RmediumCfewTtight,RmediumCfewTtight_7_LA_MIPTAIL_20260817_150800_015.json,83,83.1,261.6,False,25,24.0
RmediumCfewTtight_8,RmediumCfewTtight,RmediumCfewTtight_8_LA_MIPTAIL_20260818_111103_007.json,88,67.2,210.2,False,25,24.0
RmediumCfewTtight_9,RmediumCfewTtight,RmediumCfewTtight_9_LA_MIPTAIL_20260817_150812_015.json,119,77.7,221.0,False,25,24.0
RmediumCmanyTlarge_1,RmediumCmanyTlarge,RmediumCmanyTlarge_1_LA_MIPTAIL_20260817_150941_016.json,84,93.9,515.8,False,25,24.0
RmediumCmanyTlarge_10,RmediumCmanyTlarge,RmediumCmanyTlarge_10_LA_MIPTAIL_20260817_150816_016.json,83,67.4,194.4,False,25,24.0
RmediumCmanyTlarge_11,RmediumCmanyTlarge,RmediumCmanyTlarge_11_LA_MIPTAIL_20260817_150941_052.json,90,71.8,270.9,False,25,24.0
RmediumCmanyTlarge_13,RmediumCmanyTlarge,RmediumCmanyTlarge_13_LA_MIPTAIL_20260817_150727_052.json,105,75.3,213.1,False,25,24.0
RmediumCmanyTlarge_14,RmediumCmanyTlarge,RmediumCmanyTlarge_14_LA_MIPTAIL_20260817_150740_052.json,119,76.3,330.8,False,25,24.0
RmediumCmanyTlarge_17,RmediumCmanyTlarge,RmediumCmanyTlarge_17_LA_MIPTAIL_20260817_150800_052.json,100,71.4,188.3,False,25,24.0
RmediumCmanyTlarge_18,RmediumCmanyTlarge,RmediumCmanyTlarge_18_LA_MIPTAIL_20260817_150807_052.json,113,71.5,223.9,False,25,24.0
RmediumCmanyTlarge_19,RmediumCmanyTlarge,RmediumCmanyTlarge_19_LA_MIPTAIL_20260817_150812_052.json,115,72.9,244.5,False,25,24.0
RmediumCmanyTlarge_2,RmediumCmanyTlarge,RmediumCmanyTlarge_2_LA_MIPTAIL_20260817_150716_016.json,93,99.4,484.5,False,25,24.0
RmediumCmanyTlarge_20,RmediumCmanyTlarge,RmediumCmanyTlarge_20_LA_MIPTAIL_20260817_150816_052.json,89,109.3,853.0,False,25,24.0
RmediumCmanyTlarge_23,RmediumCmanyTlarge,RmediumCmanyTlarge_23_LA_MIPTAIL_20260817_150727_088.json,117,89.8,443.7,False,25,24.0
RmediumCmanyTlarge_24,RmediumCmanyTlarge,RmediumCmanyTlarge_24_LA_MIPTAIL_20260817_150740_088.json,115,77.8,274.2,False,25,24.0
RmediumCmanyTlarge_25,RmediumCmanyTlarge,RmediumCmanyTlarge_25_LA_MIPTAIL_20260817_150752_088.json,99,108.1,600.7,False,25,24.0
RmediumCmanyTlarge_3,RmediumCmanyTlarge,RmediumCmanyTlarge_3_LA_MIPTAIL_20260817_150727_016.json,118,75.0,257.1,False,25,24.0
RmediumCmanyTlarge_4,RmediumCmanyTlarge,RmediumCmanyTlarge_4_LA_MIPTAIL_20260817_150740_016.json,99,68.0,184.9,False,25,24.0
RmediumCmanyTlarge_6,RmediumCmanyTlarge,RmediumCmanyTlarge_6_LA_MIPTAIL_20260817_150754_016.json,98,67.1,183.4,False,25,24.0
RmediumCmanyTlarge_7,RmediumCmanyTlarge,RmediumCmanyTlarge_7_LA_MIPTAIL_20260817_150800_016.json,104,82.2,248.2,False,25,24.0
RmediumCmanyTlarge_8,RmediumCmanyTlarge,RmediumCmanyTlarge_8_LA_MIPTAIL_20260817_150807_016.json,88,67.7,199.6,False,25,24.0
RmediumCmanyTlarge_9,RmediumCmanyTlarge,RmediumCmanyTlarge_9_LA_MIPTAIL_20260817_150812_016.json,77,96.0,535.5,False,25,24.0
RmediumCmanyTmedium_1,RmediumCmanyTmedium,RmediumCmanyTmedium_1_LA_MIPTAIL_20260817_150941_017.json,82,80.1,385.1,False,25,24.0
RmediumCmanyTmedium_10,RmediumCmanyTmedium,RmediumCmanyTmedium_10_LA_MIPTAIL_20260817_150816_017.json,89,106.1,550.2,False,25,24.0
RmediumCmanyTmedium_12,RmediumCmanyTmedium,RmediumCmanyTmedium_12_LA_MIPTAIL_20260817_150716_053.json,110,80.0,244.6,False,25,24.0
RmediumCmanyTmedium_13,RmediumCmanyTmedium,RmediumCmanyTmedium_13_LA_MIPTAIL_20260817_150727_053.json,107,87.2,525.3,False,25,24.0
RmediumCmanyTmedium_15,RmediumCmanyTmedium,RmediumCmanyTmedium_15_LA_MIPTAIL_20260817_150752_053.json,101,87.8,548.2,False,25,24.0
RmediumCmanyTmedium_16,RmediumCmanyTmedium,RmediumCmanyTmedium_16_LA_MIPTAIL_20260817_150754_053.json,108,75.2,230.9,False,25,24.0
RmediumCmanyTmedium_17,RmediumCmanyTmedium,RmediumCmanyTmedium_17_LA_MIPTAIL_20260817_150800_053.json,107,108.7,428.5,False,25,24.0
RmediumCmanyTmedium_18,RmediumCmanyTmedium,RmediumCmanyTmedium_18_LA_MIPTAIL_20260817_150807_053.json,105,71.8,208.0,False,25,24.0
RmediumCmanyTmedium_19,RmediumCmanyTmedium,RmediumCmanyTmedium_19_LA_MIPTAIL_20260818_111117_018.json,82,98.6,604.0,False,25,24.0
RmediumCmanyTmedium_2,RmediumCmanyTmedium,RmediumCmanyTmedium_2_LA_MIPTAIL_20260817_150716_017.json,106,118.5,493.0,False,25,24.0
RmediumCmanyTmedium_22,RmediumCmanyTmedium,RmediumCmanyTmedium_22_LA_MIPTAIL_20260817_150716_089.json,98,69.5,198.5,False,25,24.0
RmediumCmanyTmedium_23,RmediumCmanyTmedium,RmediumCmanyTmedium_23_LA_MIPTAIL_20260817_150727_089.json,120,89.9,301.7,False,25,24.0
RmediumCmanyTmedium_24,RmediumCmanyTmedium,RmediumCmanyTmedium_24_LA_MIPTAIL_20260817_150740_089.json,84,70.8,234.5,False,25,24.0
RmediumCmanyTmedium_3,RmediumCmanyTmedium,RmediumCmanyTmedium_3_LA_MIPTAIL_20260817_150727_017.json,87,73.7,303.1,False,25,24.0
RmediumCmanyTmedium_4,RmediumCmanyTmedium,RmediumCmanyTmedium_4_LA_MIPTAIL_20260817_150740_017.json,86,73.6,238.5,False,25,24.0
RmediumCmanyTmedium_5,RmediumCmanyTmedium,RmediumCmanyTmedium_5_LA_MIPTAIL_20260817_150752_017.json,105,75.0,215.1,False,25,24.0
RmediumCmanyTmedium_6,RmediumCmanyTmedium,RmediumCmanyTmedium_6_LA_MIPTAIL_20260818_111030_005.json,83,79.1,344.5,False,25,24.0
RmediumCmanyTmedium_7,RmediumCmanyTmedium,RmediumCmanyTmedium_7_LA_MIPTAIL_20260817_150800_017.json,107,79.4,235.7,False,25,24.0
RmediumCmanyTmedium_8,RmediumCmanyTmedium,RmediumCmanyTmedium_8_LA_MIPTAIL_20260817_150807_017.json,100,81.8,272.2,False,25,24.0
RmediumCmanyTmedium_9,RmediumCmanyTmedium,RmediumCmanyTmedium_9_LA_MIPTAIL_20260817_150812_017.json,100,72.4,193.6,False,25,24.0
RmediumCmanyTnone_1,RmediumCmanyTnone,RmediumCmanyTnone_1_LA_MIPTAIL_20260817_150941_018.json,119,75.6,282.9,False,25,24.0
RmediumCmanyTnone_10,RmediumCmanyTnone,RmediumCmanyTnone_10_LA_MIPTAIL_20260817_150816_018.json,95,72.4,230.0,False,25,24.0
RmediumCmanyTnone_11,RmediumCmanyTnone,RmediumCmanyTnone_11_LA_MIPTAIL_20260817_150941_054.json,101,70.4,204.8,False,25,24.0
RmediumCmanyTnone_12,RmediumCmanyTnone,RmediumCmanyTnone_12_LA_MIPTAIL_20260817_150716_054.json,101,84.3,334.2,False,25,24.0
RmediumCmanyTnone_13,RmediumCmanyTnone,RmediumCmanyTnone_13_LA_MIPTAIL_20260817_150727_054.json,117,114.1,678.9,False,25,24.0
RmediumCmanyTnone_14,RmediumCmanyTnone,RmediumCmanyTnone_14_LA_MIPTAIL_20260817_150740_054.json,77,84.4,405.1,False,25,24.0
RmediumCmanyTnone_15,RmediumCmanyTnone,RmediumCmanyTnone_15_LA_MIPTAIL_20260817_150752_054.json,78,73.7,217.6,False,25,24.0
RmediumCmanyTnone_16,RmediumCmanyTnone,RmediumCmanyTnone_16_LA_MIPTAIL_20260817_150754_054.json,95,66.7,187.7,False,25,24.0
RmediumCmanyTnone_17,RmediumCmanyTnone,RmediumCmanyTnone_17_LA_MIPTAIL_20260817_150800_054.json,72,62.5,190.0,False,25,24.0
RmediumCmanyTnone_18,RmediumCmanyTnone,RmediumCmanyTnone_18_LA_MIPTAIL_20260817_150807_054.json,91,82.3,411.6,False,25,24.0
RmediumCmanyTnone_19,RmediumCmanyTnone,RmediumCmanyTnone_19_LA_MIPTAIL_20260818_111117_019.json,116,72.9,273.9,False,25,24.0
RmediumCmanyTnone_2,RmediumCmanyTnone,RmediumCmanyTnone_2_LA_MIPTAIL_20260817_150716_018.json,119,72.6,247.9,False,25,24.0
RmediumCmanyTnone_20,RmediumCmanyTnone,RmediumCmanyTnone_20_LA_MIPTAIL_20260817_150816_054.json,77,83.6,448.4,False,25,24.0
RmediumCmanyTnone_21,RmediumCmanyTnone,RmediumCmanyTnone_21_LA_MIPTAIL_20260817_150941_090.json,79,59.0,172.2,False,25,24.0
RmediumCmanyTnone_22,RmediumCmanyTnone,RmediumCmanyTnone_22_LA_MIPTAIL_20260817_150716_090.json,86,77.0,307.6,False,25,24.0
RmediumCmanyTnone_23,RmediumCmanyTnone,RmediumCmanyTnone_23_LA_MIPTAIL_20260817_150727_090.json,120,83.3,295.5,False,25,24.0
RmediumCmanyTnone_24,RmediumCmanyTnone,RmediumCmanyTnone_24_LA_MIPTAIL_20260817_150740_090.json,101,69.8,206.3,False,25,24.0
RmediumCmanyTnone_25,RmediumCmanyTnone,RmediumCmanyTnone_25_LA_MIPTAIL_20260817_150752_090.json,85,62.4,177.7,False,25,24.0
RmediumCmanyTnone_3,RmediumCmanyTnone,RmediumCmanyTnone_3_LA_MIPTAIL_20260817_150727_018.json,97,76.4,320.5,False,25,24.0
RmediumCmanyTnone_4,RmediumCmanyTnone,RmediumCmanyTnone_4_LA_MIPTAIL_20260817_150740_018.json,96,73.7,211.2,False,25,24.0
RmediumCmanyTnone_5,RmediumCmanyTnone,RmediumCmanyTnone_5_LA_MIPTAIL_20260813_114825_070.json,123,86.9,293.6,False,25,24.0
RmediumCmanyTnone_6,RmediumCmanyTnone,RmediumCmanyTnone_6_LA_MIPTAIL_20260818_111030_006.json,105,72.1,223.0,False,25,24.0
RmediumCmanyTnone_7,RmediumCmanyTnone,RmediumCmanyTnone_7_LA_MIPTAIL_20260817_150800_018.json,110,76.0,243.4,False,25,24.0
RmediumCmanyTnone_8,RmediumCmanyTnone,RmediumCmanyTnone_8_LA_MIPTAIL_20260818_111103_008.json,115,77.8,230.6,False,25,24.0
RmediumCmanyTnone_9,RmediumCmanyTnone,RmediumCmanyTnone_9_LA_MIPTAIL_20260817_150812_018.json,92,70.2,229.6,False,25,24.0
RmediumCmanyTtight_1,RmediumCmanyTtight,RmediumCmanyTtight_1_LA_MIPTAIL_20260817_150941_019.json,91,82.1,261.1,False,25,24.0
RmediumCmanyTtight_10,RmediumCmanyTtight,RmediumCmanyTtight_10_LA_MIPTAIL_20260817_150816_019.json,97,163.9,631.7,False,25,24.0
RmediumCmanyTtight_11,RmediumCmanyTtight,RmediumCmanyTtight_11_LA_MIPTAIL_20260817_150941_055.json,115,162.8,1061.5,False,25,24.0
RmediumCmanyTtight_12,RmediumCmanyTtight,RmediumCmanyTtight_12_LA_MIPTAIL_20260817_150716_055.json,91,115.1,712.0,False,25,24.0
RmediumCmanyTtight_13,RmediumCmanyTtight,RmediumCmanyTtight_13_LA_MIPTAIL_20260817_150727_055.json,109,99.8,468.9,False,25,24.0
RmediumCmanyTtight_14,RmediumCmanyTtight,RmediumCmanyTtight_14_LA_MIPTAIL_20260813_114825_080.json,101,147.9,431.0,False,25,24.0
RmediumCmanyTtight_15,RmediumCmanyTtight,RmediumCmanyTtight_15_LA_MIPTAIL_20260813_114825_081.json,106,240.0,1754.7,False,25,24.0
RmediumCmanyTtight_16,RmediumCmanyTtight,RmediumCmanyTtight_16_LA_MIPTAIL_20260817_150754_055.json,86,178.1,1304.9,False,25,24.0
RmediumCmanyTtight_17,RmediumCmanyTtight,RmediumCmanyTtight_17_LA_MIPTAIL_20260817_150800_055.json,82,86.1,325.8,False,25,24.0
RmediumCmanyTtight_18,RmediumCmanyTtight,RmediumCmanyTtight_18_LA_MIPTAIL_20260817_150807_055.json,93,173.3,1303.8,False,25,24.0
RmediumCmanyTtight_19,RmediumCmanyTtight,RmediumCmanyTtight_19_LA_MIPTAIL_20260817_150812_055.json,76,102.9,445.4,False,25,24.0
RmediumCmanyTtight_2,RmediumCmanyTtight,RmediumCmanyTtight_2_LA_MIPTAIL_20260817_150716_019.json,121,136.4,758.1,False,25,24.0
RmediumCmanyTtight_20,RmediumCmanyTtight,RmediumCmanyTtight_20_LA_MIPTAIL_20260818_111122_015.json,116,141.8,774.3,False,25,24.0
RmediumCmanyTtight_21,RmediumCmanyTtight,RmediumCmanyTtight_21_LA_MIPTAIL_20260817_150941_091.json,120,131.2,621.9,False,25,24.0
RmediumCmanyTtight_22,RmediumCmanyTtight,RmediumCmanyTtight_22_LA_MIPTAIL_20260817_150716_091.json,88,116.8,533.4,False,25,24.0
RmediumCmanyTtight_23,RmediumCmanyTtight,RmediumCmanyTtight_23_LA_MIPTAIL_20260817_150727_091.json,79,70.2,242.8,False,25,24.0
RmediumCmanyTtight_24,RmediumCmanyTtight,RmediumCmanyTtight_24_LA_MIPTAIL_20260813_114825_091.json,103,189.6,1101.3,False,25,24.0
RmediumCmanyTtight_25,RmediumCmanyTtight,RmediumCmanyTtight_25_LA_MIPTAIL_20260817_150752_091.json,86,131.3,720.6,False,25,24.0
RmediumCmanyTtight_3,RmediumCmanyTtight,RmediumCmanyTtight_3_LA_MIPTAIL_20260813_114825_093.json,98,125.4,350.3,False,25,24.0
RmediumCmanyTtight_4,RmediumCmanyTtight,RmediumCmanyTtight_4_LA_MIPTAIL_20260817_150740_019.json,101,145.4,697.2,False,25,24.0
RmediumCmanyTtight_5,RmediumCmanyTtight,RmediumCmanyTtight_5_LA_MIPTAIL_20260813_114825_095.json,79,137.3,488.5,False,25,24.0
RmediumCmanyTtight_6,RmediumCmanyTtight,RmediumCmanyTtight_6_LA_MIPTAIL_20260818_111030_007.json,120,119.5,726.0,False,25,24.0
RmediumCmanyTtight_7,RmediumCmanyTtight,RmediumCmanyTtight_7_LA_MIPTAIL_20260817_150800_019.json,84,135.8,691.8,False,25,24.0
RmediumCmanyTtight_8,RmediumCmanyTtight,RmediumCmanyTtight_8_LA_MIPTAIL_20260817_150807_019.json,117,168.4,1445.0,False,25,24.0
RmediumCmanyTtight_9,RmediumCmanyTtight,RmediumCmanyTtight_9_LA_MIPTAIL_20260817_150812_019.json,94,189.2,1202.2,False,25,24.0
RmediumCmediumTlarge_1,RmediumCmediumTlarge,RmediumCmediumTlarge_1_LA_MIPTAIL_20260817_150941_020.json,101,77.7,213.2,False,25,24.0
RmediumCmediumTlarge_10,RmediumCmediumTlarge,RmediumCmediumTlarge_10_LA_MIPTAIL_20260818_111122_006.json,105,77.5,222.8,False,25,24.0
RmediumCmediumTlarge_11,RmediumCmediumTlarge,RmediumCmediumTlarge_11_LA_MIPTAIL_20260817_150941_056.json,91,84.6,249.8,False,25,24.0
RmediumCmediumTlarge_12,RmediumCmediumTlarge,RmediumCmediumTlarge_12_LA_MIPTAIL_20260817_150716_056.json,83,69.1,210.1,False,25,24.0
RmediumCmediumTlarge_14,RmediumCmediumTlarge,RmediumCmediumTlarge_14_LA_MIPTAIL_20260817_150740_056.json,85,64.7,220.9,False,25,24.0
RmediumCmediumTlarge_16,RmediumCmediumTlarge,RmediumCmediumTlarge_16_LA_MIPTAIL_20260817_150754_056.json,116,75.6,200.5,False,25,24.0
RmediumCmediumTlarge_17,RmediumCmediumTlarge,RmediumCmediumTlarge_17_LA_MIPTAIL_20260817_150800_056.json,101,69.5,193.8,False,25,24.0
RmediumCmediumTlarge_18,RmediumCmediumTlarge,RmediumCmediumTlarge_18_LA_MIPTAIL_20260818_111103_014.json,86,66.4,186.6,False,25,24.0
RmediumCmediumTlarge_19,RmediumCmediumTlarge,RmediumCmediumTlarge_19_LA_MIPTAIL_20260817_150812_056.json,78,73.1,303.4,False,25,24.0
RmediumCmediumTlarge_2,RmediumCmediumTlarge,RmediumCmediumTlarge_2_LA_MIPTAIL_20260817_150716_020.json,112,80.3,294.9,False,25,24.0
RmediumCmediumTlarge_20,RmediumCmediumTlarge,RmediumCmediumTlarge_20_LA_MIPTAIL_20260818_111122_016.json,116,75.4,218.6,False,25,24.0
RmediumCmediumTlarge_22,RmediumCmediumTlarge,RmediumCmediumTlarge_22_LA_MIPTAIL_20260817_150716_092.json,86,72.0,246.8,False,25,24.0
RmediumCmediumTlarge_23,RmediumCmediumTlarge,RmediumCmediumTlarge_23_LA_MIPTAIL_20260817_150727_092.json,80,63.8,231.1,False,25,24.0
RmediumCmediumTlarge_25,RmediumCmediumTlarge,RmediumCmediumTlarge_25_LA_MIPTAIL_20260817_150752_092.json,96,70.9,192.5,False,25,24.0
RmediumCmediumTlarge_3,RmediumCmediumTlarge,RmediumCmediumTlarge_3_LA_MIPTAIL_20260817_150727_020.json,122,71.3,193.9,False,25,24.0
RmediumCmediumTlarge_4,RmediumCmediumTlarge,RmediumCmediumTlarge_4_LA_MIPTAIL_20260817_150740_020.json,98,62.3,190.6,False,25,24.0
RmediumCmediumTlarge_6,RmediumCmediumTlarge,RmediumCmediumTlarge_6_LA_MIPTAIL_20260817_150754_020.json,91,70.7,249.9,False,25,24.0
RmediumCmediumTlarge_7,RmediumCmediumTlarge,RmediumCmediumTlarge_7_LA_MIPTAIL_20260817_150800_020.json,95,78.7,230.7,False,25,24.0
RmediumCmediumTlarge_8,RmediumCmediumTlarge,RmediumCmediumTlarge_8_LA_MIPTAIL_20260817_150807_020.json,74,66.0,229.8,False,25,24.0
RmediumCmediumTlarge_9,RmediumCmediumTlarge,RmediumCmediumTlarge_9_LA_MIPTAIL_20260818_111117_007.json,77,59.2,195.0,False,25,24.0
RmediumCmediumTmedium_1,RmediumCmediumTmedium,RmediumCmediumTmedium_1_LA_MIPTAIL_20260817_150941_021.json,77,62.2,244.9,False,25,24.0
RmediumCmediumTmedium_10,RmediumCmediumTmedium,RmediumCmediumTmedium_10_LA_MIPTAIL_20260817_150816_021.json,96,71.4,200.7,False,25,24.0
RmediumCmediumTmedium_13,RmediumCmediumTmedium,RmediumCmediumTmedium_13_LA_MIPTAIL_20260817_150727_057.json,105,77.7,189.5,False,25,24.0
RmediumCmediumTmedium_15,RmediumCmediumTmedium,RmediumCmediumTmedium_15_LA_MIPTAIL_20260817_150752_057.json,76,61.5,209.5,False,25,24.0
RmediumCmediumTmedium_16,RmediumCmediumTmedium,RmediumCmediumTmedium_16_LA_MIPTAIL_20260817_150754_057.json,78,71.6,249.5,False,25,24.0
RmediumCmediumTmedium_17,RmediumCmediumTmedium,RmediumCmediumTmedium_17_LA_MIPTAIL_20260818_111057_019.json,81,62.7,203.6,False,25,24.0
RmediumCmediumTmedium_18,RmediumCmediumTmedium,RmediumCmediumTmedium_18_LA_MIPTAIL_20260818_111103_015.json,80,68.7,287.4,False,25,24.0
RmediumCmediumTmedium_19,RmediumCmediumTmedium,RmediumCmediumTmedium_19_LA_MIPTAIL_20260817_150812_057.json,113,71.1,224.0,False,25,24.0
RmediumCmediumTmedium_2,RmediumCmediumTmedium,RmediumCmediumTmedium_2_LA_MIPTAIL_20260817_150716_021.json,83,66.3,225.3,False,25,24.0
RmediumCmediumTmedium_20,RmediumCmediumTmedium,RmediumCmediumTmedium_20_LA_MIPTAIL_20260817_150816_057.json,76,69.7,274.1,False,25,24.0
RmediumCmediumTmedium_21,RmediumCmediumTmedium,RmediumCmediumTmedium_21_LA_MIPTAIL_20260817_150941_093.json,75,66.8,196.2,False,25,24.0
RmediumCmediumTmedium_22,RmediumCmediumTmedium,RmediumCmediumTmedium_22_LA_MIPTAIL_20260817_150716_093.json,109,78.5,241.0,False,25,24.0
RmediumCmediumTmedium_23,RmediumCmediumTmedium,RmediumCmediumTmedium_23_LA_MIPTAIL_20260817_150727_093.json,95,81.6,245.2,False,25,24.0
RmediumCmediumTmedium_25,RmediumCmediumTmedium,RmediumCmediumTmedium_25_LA_MIPTAIL_20260817_150752_093.json,91,73.5,234.6,False,25,24.0
RmediumCmediumTmedium_6,RmediumCmediumTmedium,RmediumCmediumTmedium_6_LA_MIPTAIL_20260817_150754_021.json,114,90.6,426.4,False,25,24.0
RmediumCmediumTmedium_7,RmediumCmediumTmedium,RmediumCmediumTmedium_7_LA_MIPTAIL_20260818_111057_008.json,90,74.0,212.5,False,25,24.0
RmediumCmediumTmedium_8,RmediumCmediumTmedium,RmediumCmediumTmedium_8_LA_MIPTAIL_20260817_150807_021.json,109,76.4,267.2,False,25,24.0
RmediumCmediumTmedium_9,RmediumCmediumTmedium,RmediumCmediumTmedium_9_LA_MIPTAIL_20260818_111117_008.json,114,84.9,268.2,False,25,24.0
RmediumCmediumTnone_1,RmediumCmediumTnone,RmediumCmediumTnone_1_LA_MIPTAIL_20260817_150941_022.json,113,79.1,226.4,False,25,24.0
RmediumCmediumTnone_10,RmediumCmediumTnone,RmediumCmediumTnone_10_LA_MIPTAIL_20260817_150816_022.json,97,63.0,167.5,False,25,24.0
RmediumCmediumTnone_11,RmediumCmediumTnone,RmediumCmediumTnone_11_LA_MIPTAIL_20260817_150941_058.json,78,56.9,180.4,False,25,24.0
RmediumCmediumTnone_12,RmediumCmediumTnone,RmediumCmediumTnone_12_LA_MIPTAIL_20260813_114825_103.json,117,87.9,323.3,False,25,24.0
RmediumCmediumTnone_13,RmediumCmediumTnone,RmediumCmediumTnone_13_LA_MIPTAIL_20260817_150727_058.json,120,74.8,201.8,False,25,24.0
RmediumCmediumTnone_14,RmediumCmediumTnone,RmediumCmediumTnone_14_LA_MIPTAIL_20260817_150740_058.json,77,60.0,173.1,False,25,24.0
RmediumCmediumTnone_15,RmediumCmediumTnone,RmediumCmediumTnone_15_LA_MIPTAIL_20260817_150752_058.json,113,72.4,189.6,False,25,24.0
RmediumCmediumTnone_16,RmediumCmediumTnone,RmediumCmediumTnone_16_LA_MIPTAIL_20260818_111030_015.json,107,69.2,184.2,False,25,24.0
RmediumCmediumTnone_17,RmediumCmediumTnone,RmediumCmediumTnone_17_LA_MIPTAIL_20260818_111057_020.json,107,71.2,182.9,False,25,24.0
RmediumCmediumTnone_18,RmediumCmediumTnone,RmediumCmediumTnone_18_LA_MIPTAIL_20260818_111103_016.json,112,66.8,172.0,True,25,24.0
RmediumCmediumTnone_19,RmediumCmediumTnone,RmediumCmediumTnone_19_LA_MIPTAIL_20260818_111117_020.json,116,69.9,184.1,False,25,24.0
RmediumCmediumTnone_2,RmediumCmediumTnone,RmediumCmediumTnone_2_LA_MIPTAIL_20260813_114825_111.json,83,62.9,155.2,False,25,24.0
RmediumCmediumTnone_20,RmediumCmediumTnone,RmediumCmediumTnone_20_LA_MIPTAIL_20260817_150816_058.json,80,56.5,159.8,False,25,24.0
RmediumCmediumTnone_21,RmediumCmediumTnone,RmediumCmediumTnone_21_LA_MIPTAIL_20260813_114825_113.json,79,66.2,250.2,False,25,24.0
RmediumCmediumTnone_22,RmediumCmediumTnone,RmediumCmediumTnone_22_LA_MIPTAIL_20260813_114825_114.json,80,70.4,202.4,False,25,24.0
RmediumCmediumTnone_23,RmediumCmediumTnone,RmediumCmediumTnone_23_LA_MIPTAIL_20260817_150727_094.json,115,72.3,198.7,False,25,24.0
RmediumCmediumTnone_24,RmediumCmediumTnone,RmediumCmediumTnone_24_LA_MIPTAIL_20260817_150740_094.json,80,61.3,192.5,False,25,24.0
RmediumCmediumTnone_25,RmediumCmediumTnone,RmediumCmediumTnone_25_LA_MIPTAIL_20260813_114825_117.json,96,80.5,244.1,False,25,24.0
RmediumCmediumTnone_3,RmediumCmediumTnone,RmediumCmediumTnone_3_LA_MIPTAIL_20260817_150727_022.json,108,75.2,191.3,False,25,24.0
RmediumCmediumTnone_4,RmediumCmediumTnone,RmediumCmediumTnone_4_LA_MIPTAIL_20260817_150740_022.json,94,72.2,212.2,False,25,24.0
RmediumCmediumTnone_5,RmediumCmediumTnone,RmediumCmediumTnone_5_LA_MIPTAIL_20260817_150752_022.json,95,70.9,214.6,False,25,24.0
RmediumCmediumTnone_6,RmediumCmediumTnone,RmediumCmediumTnone_6_LA_MIPTAIL_20260817_150754_022.json,103,77.1,207.6,False,25,24.0
RmediumCmediumTnone_7,RmediumCmediumTnone,RmediumCmediumTnone_7_LA_MIPTAIL_20260817_150800_022.json,96,71.0,191.1,False,25,24.0
RmediumCmediumTnone_8,RmediumCmediumTnone,RmediumCmediumTnone_8_LA_MIPTAIL_20260817_150807_022.json,85,59.7,206.6,False,25,24.0
RmediumCmediumTnone_9,RmediumCmediumTnone,RmediumCmediumTnone_9_LA_MIPTAIL_20260817_150812_022.json,89,68.9,180.0,False,25,24.0
RmediumCmediumTtight_1,RmediumCmediumTtight,RmediumCmediumTtight_1_LA_MIPTAIL_20260817_150941_023.json,77,69.4,247.5,False,25,24.0
RmediumCmediumTtight_10,RmediumCmediumTtight,RmediumCmediumTtight_10_LA_MIPTAIL_20260818_111122_007.json,90,77.5,201.3,False,25,24.0
RmediumCmediumTtight_11,RmediumCmediumTtight,RmediumCmediumTtight_11_LA_MIPTAIL_20260817_150941_059.json,72,79.7,319.5,False,25,24.0
RmediumCmediumTtight_12,RmediumCmediumTtight,RmediumCmediumTtight_12_LA_MIPTAIL_20260817_150716_059.json,94,87.9,277.6,False,25,24.0
RmediumCmediumTtight_13,RmediumCmediumTtight,RmediumCmediumTtight_13_LA_MIPTAIL_20260817_150727_059.json,93,82.8,241.6,False,25,24.0
RmediumCmediumTtight_14,RmediumCmediumTtight,RmediumCmediumTtight_14_LA_MIPTAIL_20260817_150740_059.json,83,76.4,295.0,False,25,24.0
RmediumCmediumTtight_15,RmediumCmediumTtight,RmediumCmediumTtight_15_LA_MIPTAIL_20260813_114825_131.json,108,113.1,341.2,False,25,24.0
RmediumCmediumTtight_16,RmediumCmediumTtight,RmediumCmediumTtight_16_LA_MIPTAIL_20260817_150754_059.json,80,82.3,265.8,False,25,24.0
RmediumCmediumTtight_17,RmediumCmediumTtight,RmediumCmediumTtight_17_LA_MIPTAIL_20260817_150800_059.json,116,80.4,202.0,False,25,24.0
RmediumCmediumTtight_18,RmediumCmediumTtight,RmediumCmediumTtight_18_LA_MIPTAIL_20260817_150807_059.json,72,75.7,295.2,False,25,24.0
RmediumCmediumTtight_19,RmediumCmediumTtight,RmediumCmediumTtight_19_LA_MIPTAIL_20260818_111117_021.json,111,97.7,343.0,False,25,24.0
RmediumCmediumTtight_2,RmediumCmediumTtight,RmediumCmediumTtight_2_LA_MIPTAIL_20260817_150716_023.json,105,72.1,251.1,False,25,24.0
RmediumCmediumTtight_20,RmediumCmediumTtight,RmediumCmediumTtight_20_LA_MIPTAIL_20260817_150816_059.json,91,74.2,201.5,False,25,24.0
RmediumCmediumTtight_21,RmediumCmediumTtight,RmediumCmediumTtight_21_LA_MIPTAIL_20260813_114825_138.json,117,128.6,398.7,False,25,24.0
RmediumCmediumTtight_22,RmediumCmediumTtight,RmediumCmediumTtight_22_LA_MIPTAIL_20260817_150716_095.json,84,80.5,235.5,False,25,24.0
RmediumCmediumTtight_23,RmediumCmediumTtight,RmediumCmediumTtight_23_LA_MIPTAIL_20260817_150727_095.json,115,87.4,321.3,False,25,24.0
RmediumCmediumTtight_24,RmediumCmediumTtight,RmediumCmediumTtight_24_LA_MIPTAIL_20260813_114825_141.json,90,114.1,339.8,False,25,24.0
RmediumCmediumTtight_25,RmediumCmediumTtight,RmediumCmediumTtight_25_LA_MIPTAIL_20260817_150752_095.json,107,79.9,214.4,False,25,24.0
RmediumCmediumTtight_3,RmediumCmediumTtight,RmediumCmediumTtight_3_LA_MIPTAIL_20260817_150727_023.json,113,83.1,249.7,False,25,24.0
RmediumCmediumTtight_4,RmediumCmediumTtight,RmediumCmediumTtight_4_LA_MIPTAIL_20260817_150740_023.json,104,84.6,328.9,False,25,24.0
RmediumCmediumTtight_5,RmediumCmediumTtight,RmediumCmediumTtight_5_LA_MIPTAIL_20260817_150752_023.json,73,78.2,259.9,False,25,24.0
RmediumCmediumTtight_6,RmediumCmediumTtight,RmediumCmediumTtight_6_LA_MIPTAIL_20260817_150754_023.json,106,92.5,274.5,False,25,24.0
RmediumCmediumTtight_7,RmediumCmediumTtight,RmediumCmediumTtight_7_LA_MIPTAIL_20260817_150800_023.json,86,88.1,288.7,False,25,24.0
RmediumCmediumTtight_8,RmediumCmediumTtight,RmediumCmediumTtight_8_LA_MIPTAIL_20260817_150807_023.json,82,73.2,302.8,False,25,24.0
RmediumCmediumTtight_9,RmediumCmediumTtight,RmediumCmediumTtight_9_LA_MIPTAIL_20260817_150812_023.json,72,70.1,251.1,False,25,24.0
RshortCfewTlarge_1,RshortCfewTlarge,RshortCfewTlarge_1_LA_MIPTAIL_20260817_150941_024.json,61,49.1,188.5,False,25,24.0
RshortCfewTlarge_10,RshortCfewTlarge,RshortCfewTlarge_10_LA_MIPTAIL_20260817_150816_024.json,43,34.5,135.0,False,25,24.0
RshortCfewTlarge_11,RshortCfewTlarge,RshortCfewTlarge_11_LA_MIPTAIL_20260817_150941_060.json,39,29.4,107.0,False,25,24.0
RshortCfewTlarge_12,RshortCfewTlarge,RshortCfewTlarge_12_LA_MIPTAIL_20260817_150716_060.json,57,55.7,178.3,False,25,24.0
RshortCfewTlarge_13,RshortCfewTlarge,RshortCfewTlarge_13_LA_MIPTAIL_20260817_150727_060.json,39,26.2,69.5,False,25,24.0
RshortCfewTlarge_14,RshortCfewTlarge,RshortCfewTlarge_14_LA_MIPTAIL_20260817_150740_060.json,42,35.7,147.5,False,25,24.0
RshortCfewTlarge_15,RshortCfewTlarge,RshortCfewTlarge_15_LA_MIPTAIL_20260817_150752_060.json,40,28.5,93.3,False,25,24.0
RshortCfewTlarge_16,RshortCfewTlarge,RshortCfewTlarge_16_LA_MIPTAIL_20260817_150754_060.json,46,33.2,127.3,False,25,24.0
RshortCfewTlarge_17,RshortCfewTlarge,RshortCfewTlarge_17_LA_MIPTAIL_20260817_150800_060.json,43,35.7,138.3,False,25,24.0
RshortCfewTlarge_18,RshortCfewTlarge,RshortCfewTlarge_18_LA_MIPTAIL_20260817_150807_060.json,40,28.7,101.5,False,25,24.0
RshortCfewTlarge_19,RshortCfewTlarge,RshortCfewTlarge_19_LA_MIPTAIL_20260818_111117_022.json,53,49.8,196.1,False,25,24.0
RshortCfewTlarge_2,RshortCfewTlarge,RshortCfewTlarge_2_LA_MIPTAIL_20260817_150716_024.json,49,42.1,167.2,False,25,24.0
RshortCfewTlarge_20,RshortCfewTlarge,RshortCfewTlarge_20_LA_MIPTAIL_20260817_150816_060.json,40,30.7,119.2,False,25,24.0
RshortCfewTlarge_21,RshortCfewTlarge,RshortCfewTlarge_21_LA_MIPTAIL_20260817_150941_096.json,43,33.4,127.6,False,25,24.0
RshortCfewTlarge_22,RshortCfewTlarge,RshortCfewTlarge_22_LA_MIPTAIL_20260817_150716_096.json,55,46.0,185.0,False,25,24.0
RshortCfewTlarge_23,RshortCfewTlarge,RshortCfewTlarge_23_LA_MIPTAIL_20260817_150727_096.json,56,49.7,214.5,False,25,24.0
RshortCfewTlarge_24,RshortCfewTlarge,RshortCfewTlarge_24_LA_MIPTAIL_20260817_150740_096.json,43,37.9,154.8,False,25,24.0
RshortCfewTlarge_25,RshortCfewTlarge,RshortCfewTlarge_25_LA_MIPTAIL_20260817_150752_096.json,52,46.0,182.8,False,25,24.0
RshortCfewTlarge_3,RshortCfewTlarge,RshortCfewTlarge_3_LA_MIPTAIL_20260817_150727_024.json,52,54.1,189.7,False,25,24.0
RshortCfewTlarge_4,RshortCfewTlarge,RshortCfewTlarge_4_LA_MIPTAIL_20260817_150740_024.json,39,28.7,86.9,False,25,24.0
RshortCfewTlarge_5,RshortCfewTlarge,RshortCfewTlarge_5_LA_MIPTAIL_20260817_150752_024.json,56,50.5,199.8,False,25,24.0
RshortCfewTlarge_6,RshortCfewTlarge,RshortCfewTlarge_6_LA_MIPTAIL_20260817_150754_024.json,51,44.9,187.9,False,25,24.0
RshortCfewTlarge_7,RshortCfewTlarge,RshortCfewTlarge_7_LA_MIPTAIL_20260817_150800_024.json,55,51.4,225.1,False,25,24.0
RshortCfewTlarge_8,RshortCfewTlarge,RshortCfewTlarge_8_LA_MIPTAIL_20260817_150807_024.json,53,46.0,170.4,False,25,24.0
RshortCfewTlarge_9,RshortCfewTlarge,RshortCfewTlarge_9_LA_MIPTAIL_20260817_150812_024.json,47,39.5,163.4,False,25,24.0
RshortCfewTmedium_1,RshortCfewTmedium,RshortCfewTmedium_1_LA_MIPTAIL_20260817_150941_025.json,45,40.3,150.5,False,25,24.0
RshortCfewTmedium_10,RshortCfewTmedium,RshortCfewTmedium_10_LA_MIPTAIL_20260817_150816_025.json,55,46.4,186.1,False,25,24.0
RshortCfewTmedium_11,RshortCfewTmedium,RshortCfewTmedium_11_LA_MIPTAIL_20260817_150941_061.json,49,45.2,184.8,False,25,24.0
RshortCfewTmedium_12,RshortCfewTmedium,RshortCfewTmedium_12_LA_MIPTAIL_20260817_150716_061.json,52,45.7,186.9,False,25,24.0
RshortCfewTmedium_13,RshortCfewTmedium,RshortCfewTmedium_13_LA_MIPTAIL_20260817_150727_061.json,45,56.8,295.7,False,25,24.0
RshortCfewTmedium_14,RshortCfewTmedium,RshortCfewTmedium_14_LA_MIPTAIL_20260817_150740_061.json,44,40.3,154.1,False,25,24.0
RshortCfewTmedium_15,RshortCfewTmedium,RshortCfewTmedium_15_LA_MIPTAIL_20260817_150752_061.json,49,30.7,128.3,False,25,24.0
RshortCfewTmedium_16,RshortCfewTmedium,RshortCfewTmedium_16_LA_MIPTAIL_20260817_150754_061.json,52,49.3,202.4,False,25,24.0
RshortCfewTmedium_17,RshortCfewTmedium,RshortCfewTmedium_17_LA_MIPTAIL_20260817_150800_061.json,50,48.2,184.4,False,25,24.0
RshortCfewTmedium_18,RshortCfewTmedium,RshortCfewTmedium_18_LA_MIPTAIL_20260817_150807_061.json,45,33.8,134.9,False,25,24.0
RshortCfewTmedium_19,RshortCfewTmedium,RshortCfewTmedium_19_LA_MIPTAIL_20260817_150812_061.json,44,35.1,137.4,False,25,24.0
RshortCfewTmedium_2,RshortCfewTmedium,RshortCfewTmedium_2_LA_MIPTAIL_20260817_150716_025.json,44,32.8,128.2,False,25,24.0
RshortCfewTmedium_20,RshortCfewTmedium,RshortCfewTmedium_20_LA_MIPTAIL_20260817_150816_061.json,44,29.6,118.6,False,25,24.0
RshortCfewTmedium_21,RshortCfewTmedium,RshortCfewTmedium_21_LA_MIPTAIL_20260817_150941_097.json,38,35.8,138.1,False,25,24.0
RshortCfewTmedium_22,RshortCfewTmedium,RshortCfewTmedium_22_LA_MIPTAIL_20260817_150716_097.json,54,48.5,214.4,False,25,24.0
RshortCfewTmedium_23,RshortCfewTmedium,RshortCfewTmedium_23_LA_MIPTAIL_20260817_150727_097.json,49,44.8,183.5,False,25,24.0
RshortCfewTmedium_24,RshortCfewTmedium,RshortCfewTmedium_24_LA_MIPTAIL_20260817_150740_097.json,43,34.4,137.5,False,25,24.0
RshortCfewTmedium_25,RshortCfewTmedium,RshortCfewTmedium_25_LA_MIPTAIL_20260817_150752_097.json,52,52.7,184.6,False,25,24.0
RshortCfewTmedium_3,RshortCfewTmedium,RshortCfewTmedium_3_LA_MIPTAIL_20260817_150727_025.json,43,40.3,165.1,False,25,24.0
RshortCfewTmedium_4,RshortCfewTmedium,RshortCfewTmedium_4_LA_MIPTAIL_20260817_150740_025.json,55,55.5,224.1,False,25,24.0
RshortCfewTmedium_5,RshortCfewTmedium,RshortCfewTmedium_5_LA_MIPTAIL_20260817_150752_025.json,55,48.6,171.4,False,25,24.0
RshortCfewTmedium_6,RshortCfewTmedium,RshortCfewTmedium_6_LA_MIPTAIL_20260818_111030_008.json,41,32.4,133.6,False,25,24.0
RshortCfewTmedium_7,RshortCfewTmedium,RshortCfewTmedium_7_LA_MIPTAIL_20260817_150800_025.json,51,40.2,151.9,False,25,24.0
RshortCfewTmedium_8,RshortCfewTmedium,RshortCfewTmedium_8_LA_MIPTAIL_20260817_150807_025.json,41,35.1,137.5,False,25,24.0
RshortCfewTmedium_9,RshortCfewTmedium,RshortCfewTmedium_9_LA_MIPTAIL_20260817_150812_025.json,44,34.6,143.8,False,25,24.0
RshortCfewTnone_1,RshortCfewTnone,RshortCfewTnone_1_LA_MIPTAIL_20260817_150941_026.json,57,52.0,186.3,False,25,24.0
RshortCfewTnone_10,RshortCfewTnone,RshortCfewTnone_10_LA_MIPTAIL_20260817_150816_026.json,55,58.1,206.9,False,25,24.0
RshortCfewTnone_11,RshortCfewTnone,RshortCfewTnone_11_LA_MIPTAIL_20260817_150941_062.json,39,34.5,149.8,False,25,24.0
RshortCfewTnone_12,RshortCfewTnone,RshortCfewTnone_12_LA_MIPTAIL_20260817_150716_062.json,47,44.8,177.8,False,25,24.0
RshortCfewTnone_13,RshortCfewTnone,RshortCfewTnone_13_LA_MIPTAIL_20260817_150727_062.json,52,46.9,182.6,False,25,24.0
RshortCfewTnone_14,RshortCfewTnone,RshortCfewTnone_14_LA_MIPTAIL_20260817_150740_062.json,58,52.7,202.6,False,25,24.0
RshortCfewTnone_15,RshortCfewTnone,RshortCfewTnone_15_LA_MIPTAIL_20260817_150752_062.json,58,51.7,166.5,False,25,24.0
RshortCfewTnone_16,RshortCfewTnone,RshortCfewTnone_16_LA_MIPTAIL_20260817_150754_062.json,54,51.2,196.2,False,25,24.0
RshortCfewTnone_17,RshortCfewTnone,RshortCfewTnone_17_LA_MIPTAIL_20260817_150800_062.json,48,40.2,154.1,False,25,24.0
RshortCfewTnone_18,RshortCfewTnone,RshortCfewTnone_18_LA_MIPTAIL_20260817_150807_062.json,53,52.9,209.7,False,25,24.0
RshortCfewTnone_19,RshortCfewTnone,RshortCfewTnone_19_LA_MIPTAIL_20260817_150812_062.json,46,40.1,168.3,False,25,24.0
RshortCfewTnone_2,RshortCfewTnone,RshortCfewTnone_2_LA_MIPTAIL_20260817_150716_026.json,47,37.2,142.4,False,25,24.0
RshortCfewTnone_20,RshortCfewTnone,RshortCfewTnone_20_LA_MIPTAIL_20260817_150816_062.json,41,27.6,98.0,False,25,24.0
RshortCfewTnone_21,RshortCfewTnone,RshortCfewTnone_21_LA_MIPTAIL_20260817_150941_098.json,46,38.6,146.1,False,25,24.0
RshortCfewTnone_22,RshortCfewTnone,RshortCfewTnone_22_LA_MIPTAIL_20260817_150716_098.json,49,48.6,197.3,False,25,24.0
RshortCfewTnone_23,RshortCfewTnone,RshortCfewTnone_23_LA_MIPTAIL_20260817_150727_098.json,39,24.4,80.5,False,25,24.0
RshortCfewTnone_24,RshortCfewTnone,RshortCfewTnone_24_LA_MIPTAIL_20260817_150740_098.json,49,43.9,187.6,False,25,24.0
RshortCfewTnone_25,RshortCfewTnone,RshortCfewTnone_25_LA_MIPTAIL_20260817_150752_098.json,46,42.7,186.2,False,25,24.0
RshortCfewTnone_3,RshortCfewTnone,RshortCfewTnone_3_LA_MIPTAIL_20260817_150727_026.json,39,29.5,94.4,False,25,24.0
RshortCfewTnone_4,RshortCfewTnone,RshortCfewTnone_4_LA_MIPTAIL_20260817_150740_026.json,40,35.4,142.3,False,25,24.0
RshortCfewTnone_5,RshortCfewTnone,RshortCfewTnone_5_LA_MIPTAIL_20260817_150752_026.json,44,30.6,111.1,False,25,24.0
RshortCfewTnone_6,RshortCfewTnone,RshortCfewTnone_6_LA_MIPTAIL_20260817_150754_026.json,53,47.9,161.8,False,25,24.0
RshortCfewTnone_7,RshortCfewTnone,RshortCfewTnone_7_LA_MIPTAIL_20260817_150800_026.json,45,39.5,151.2,False,25,24.0
RshortCfewTnone_8,RshortCfewTnone,RshortCfewTnone_8_LA_MIPTAIL_20260817_150807_026.json,42,36.5,157.2,False,25,24.0
RshortCfewTnone_9,RshortCfewTnone,RshortCfewTnone_9_LA_MIPTAIL_20260817_150812_026.json,59,47.1,164.6,False,25,24.0
RshortCfewTtight_1,RshortCfewTtight,RshortCfewTtight_1_LA_MIPTAIL_20260817_150941_027.json,44,35.0,149.3,False,25,24.0
RshortCfewTtight_10,RshortCfewTtight,RshortCfewTtight_10_LA_MIPTAIL_20260817_150816_027.json,48,48.5,204.9,False,25,24.0
RshortCfewTtight_11,RshortCfewTtight,RshortCfewTtight_11_LA_MIPTAIL_20260817_150941_063.json,41,31.0,127.9,False,25,24.0
RshortCfewTtight_12,RshortCfewTtight,RshortCfewTtight_12_LA_MIPTAIL_20260817_150716_063.json,46,40.0,155.3,False,25,24.0
RshortCfewTtight_13,RshortCfewTtight,RshortCfewTtight_13_LA_MIPTAIL_20260817_150727_063.json,46,47.1,212.0,False,25,24.0
RshortCfewTtight_14,RshortCfewTtight,RshortCfewTtight_14_LA_MIPTAIL_20260817_150740_063.json,43,37.2,158.3,False,25,24.0
RshortCfewTtight_15,RshortCfewTtight,RshortCfewTtight_15_LA_MIPTAIL_20260817_150752_063.json,45,47.8,195.9,False,25,24.0
RshortCfewTtight_16,RshortCfewTtight,RshortCfewTtight_16_LA_MIPTAIL_20260817_150754_063.json,51,51.1,196.0,False,25,24.0
RshortCfewTtight_17,RshortCfewTtight,RshortCfewTtight_17_LA_MIPTAIL_20260817_150800_063.json,59,56.2,220.7,False,25,24.0
RshortCfewTtight_18,RshortCfewTtight,RshortCfewTtight_18_LA_MIPTAIL_20260818_111103_017.json,53,50.9,219.1,False,25,24.0
RshortCfewTtight_19,RshortCfewTtight,RshortCfewTtight_19_LA_MIPTAIL_20260817_150812_063.json,47,42.0,175.9,False,25,24.0
RshortCfewTtight_2,RshortCfewTtight,RshortCfewTtight_2_LA_MIPTAIL_20260817_150716_027.json,46,44.5,192.5,False,25,24.0
RshortCfewTtight_20,RshortCfewTtight,RshortCfewTtight_20_LA_MIPTAIL_20260818_111122_017.json,55,52.3,213.0,False,25,24.0
RshortCfewTtight_21,RshortCfewTtight,RshortCfewTtight_21_LA_MIPTAIL_20260817_150941_099.json,43,37.1,153.4,False,25,24.0
RshortCfewTtight_22,RshortCfewTtight,RshortCfewTtight_22_LA_MIPTAIL_20260817_150716_099.json,49,45.3,178.5,False,25,24.0
RshortCfewTtight_23,RshortCfewTtight,RshortCfewTtight_23_LA_MIPTAIL_20260817_150727_099.json,52,43.8,162.4,False,25,24.0
RshortCfewTtight_24,RshortCfewTtight,RshortCfewTtight_24_LA_MIPTAIL_20260817_150740_099.json,42,44.7,174.4,False,25,24.0
RshortCfewTtight_25,RshortCfewTtight,RshortCfewTtight_25_LA_MIPTAIL_20260817_150752_099.json,45,36.5,144.9,False,25,24.0
RshortCfewTtight_3,RshortCfewTtight,RshortCfewTtight_3_LA_MIPTAIL_20260817_150727_027.json,38,30.3,116.6,False,25,24.0
RshortCfewTtight_4,RshortCfewTtight,RshortCfewTtight_4_LA_MIPTAIL_20260817_150740_027.json,55,52.3,302.5,False,25,24.0
RshortCfewTtight_5,RshortCfewTtight,RshortCfewTtight_5_LA_MIPTAIL_20260817_150752_027.json,46,34.4,128.9,False,25,24.0
RshortCfewTtight_6,RshortCfewTtight,RshortCfewTtight_6_LA_MIPTAIL_20260817_150754_027.json,49,46.5,168.2,False,25,24.0
RshortCfewTtight_7,RshortCfewTtight,RshortCfewTtight_7_LA_MIPTAIL_20260817_150800_027.json,44,40.6,172.2,False,25,24.0
RshortCfewTtight_8,RshortCfewTtight,RshortCfewTtight_8_LA_MIPTAIL_20260817_150807_027.json,47,44.9,174.6,False,25,24.0
RshortCfewTtight_9,RshortCfewTtight,RshortCfewTtight_9_LA_MIPTAIL_20260817_150812_027.json,42,35.9,137.8,False,25,24.0
RshortCmanyTlarge_1,RshortCmanyTlarge,RshortCmanyTlarge_1_LA_MIPTAIL_20260817_150941_028.json,49,35.1,159.9,False,25,24.0
RshortCmanyTlarge_10,RshortCmanyTlarge,RshortCmanyTlarge_10_LA_MIPTAIL_20260818_111122_008.json,49,41.5,171.1,False,25,24.0
RshortCmanyTlarge_11,RshortCmanyTlarge,RshortCmanyTlarge_11_LA_MIPTAIL_20260817_150941_064.json,50,41.8,158.2,False,25,24.0
RshortCmanyTlarge_12,RshortCmanyTlarge,RshortCmanyTlarge_12_LA_MIPTAIL_20260817_150716_064.json,49,39.7,155.7,False,25,24.0
RshortCmanyTlarge_13,RshortCmanyTlarge,RshortCmanyTlarge_13_LA_MIPTAIL_20260817_150727_064.json,50,49.1,220.7,False,25,24.0
RshortCmanyTlarge_14,RshortCmanyTlarge,RshortCmanyTlarge_14_LA_MIPTAIL_20260817_150740_064.json,53,38.8,155.2,False,25,24.0
RshortCmanyTlarge_15,RshortCmanyTlarge,RshortCmanyTlarge_15_LA_MIPTAIL_20260817_150752_064.json,50,34.1,151.6,False,25,24.0
RshortCmanyTlarge_16,RshortCmanyTlarge,RshortCmanyTlarge_16_LA_MIPTAIL_20260817_150754_064.json,49,51.6,244.1,False,25,24.0
RshortCmanyTlarge_17,RshortCmanyTlarge,RshortCmanyTlarge_17_LA_MIPTAIL_20260817_150800_064.json,43,25.7,95.8,False,25,24.0
RshortCmanyTlarge_18,RshortCmanyTlarge,RshortCmanyTlarge_18_LA_MIPTAIL_20260817_150807_064.json,58,46.4,173.3,False,25,24.0
RshortCmanyTlarge_19,RshortCmanyTlarge,RshortCmanyTlarge_19_LA_MIPTAIL_20260817_150812_064.json,46,39.7,149.3,False,25,24.0
RshortCmanyTlarge_2,RshortCmanyTlarge,RshortCmanyTlarge_2_LA_MIPTAIL_20260817_150716_028.json,55,48.2,213.3,False,25,24.0
RshortCmanyTlarge_20,RshortCmanyTlarge,RshortCmanyTlarge_20_LA_MIPTAIL_20260817_150816_064.json,46,37.2,139.3,False,25,24.0
RshortCmanyTlarge_21,RshortCmanyTlarge,RshortCmanyTlarge_21_LA_MIPTAIL_20260817_150941_100.json,43,26.7,90.2,False,25,24.0
RshortCmanyTlarge_22,RshortCmanyTlarge,RshortCmanyTlarge_22_LA_MIPTAIL_20260817_150716_100.json,60,49.7,203.0,False,25,24.0
RshortCmanyTlarge_23,RshortCmanyTlarge,RshortCmanyTlarge_23_LA_MIPTAIL_20260817_150727_100.json,52,43.5,166.9,False,25,24.0
RshortCmanyTlarge_25,RshortCmanyTlarge,RshortCmanyTlarge_25_LA_MIPTAIL_20260817_150752_100.json,58,54.9,244.3,False,25,24.0
RshortCmanyTlarge_3,RshortCmanyTlarge,RshortCmanyTlarge_3_LA_MIPTAIL_20260817_150727_028.json,48,37.3,164.0,False,25,24.0
RshortCmanyTlarge_4,RshortCmanyTlarge,RshortCmanyTlarge_4_LA_MIPTAIL_20260817_150740_028.json,41,29.9,104.0,False,25,24.0
RshortCmanyTlarge_5,RshortCmanyTlarge,RshortCmanyTlarge_5_LA_MIPTAIL_20260817_150752_028.json,43,38.0,131.5,False,25,24.0
RshortCmanyTlarge_6,RshortCmanyTlarge,RshortCmanyTlarge_6_LA_MIPTAIL_20260817_150754_028.json,51,43.0,191.7,False,25,24.0
RshortCmanyTlarge_7,RshortCmanyTlarge,RshortCmanyTlarge_7_LA_MIPTAIL_20260817_150800_028.json,48,33.1,128.4,False,25,24.0
RshortCmanyTlarge_8,RshortCmanyTlarge,RshortCmanyTlarge_8_LA_MIPTAIL_20260817_150807_028.json,47,31.2,118.2,False,25,24.0
RshortCmanyTlarge_9,RshortCmanyTlarge,RshortCmanyTlarge_9_LA_MIPTAIL_20260817_150812_028.json,43,30.9,125.9,False,25,24.0
RshortCmanyTmedium_10,RshortCmanyTmedium,RshortCmanyTmedium_10_LA_MIPTAIL_20260817_150816_029.json,45,35.4,149.5,False,25,24.0
RshortCmanyTmedium_11,RshortCmanyTmedium,RshortCmanyTmedium_11_LA_MIPTAIL_20260817_150941_065.json,50,41.8,148.6,False,25,24.0
RshortCmanyTmedium_12,RshortCmanyTmedium,RshortCmanyTmedium_12_LA_MIPTAIL_20260817_150716_065.json,47,42.0,174.2,False,25,24.0
RshortCmanyTmedium_13,RshortCmanyTmedium,RshortCmanyTmedium_13_LA_MIPTAIL_20260817_150727_065.json,51,50.4,233.6,False,25,24.0
RshortCmanyTmedium_14,RshortCmanyTmedium,RshortCmanyTmedium_14_LA_MIPTAIL_20260817_150740_065.json,47,32.3,135.9,False,25,24.0
RshortCmanyTmedium_15,RshortCmanyTmedium,RshortCmanyTmedium_15_LA_MIPTAIL_20260817_150752_065.json,57,48.1,206.6,False,25,24.0
RshortCmanyTmedium_16,RshortCmanyTmedium,RshortCmanyTmedium_16_LA_MIPTAIL_20260817_150754_065.json,52,43.2,152.6,False,25,24.0
RshortCmanyTmedium_17,RshortCmanyTmedium,RshortCmanyTmedium_17_LA_MIPTAIL_20260818_111057_021.json,54,45.5,214.1,False,25,24.0
RshortCmanyTmedium_18,RshortCmanyTmedium,RshortCmanyTmedium_18_LA_MIPTAIL_20260817_150807_065.json,58,44.7,220.0,False,25,24.0
RshortCmanyTmedium_19,RshortCmanyTmedium,RshortCmanyTmedium_19_LA_MIPTAIL_20260817_150812_065.json,57,44.9,191.8,False,25,24.0
RshortCmanyTmedium_2,RshortCmanyTmedium,RshortCmanyTmedium_2_LA_MIPTAIL_20260817_150716_029.json,61,56.4,242.3,False,25,24.0
RshortCmanyTmedium_20,RshortCmanyTmedium,RshortCmanyTmedium_20_LA_MIPTAIL_20260817_150816_065.json,45,32.0,115.8,False,25,24.0
RshortCmanyTmedium_21,RshortCmanyTmedium,RshortCmanyTmedium_21_LA_MIPTAIL_20260817_150941_101.json,56,55.8,216.0,False,25,24.0
RshortCmanyTmedium_22,RshortCmanyTmedium,RshortCmanyTmedium_22_LA_MIPTAIL_20260817_150716_101.json,57,58.8,284.5,False,25,24.0
RshortCmanyTmedium_23,RshortCmanyTmedium,RshortCmanyTmedium_23_LA_MIPTAIL_20260817_150727_101.json,45,33.8,150.2,False,25,24.0
RshortCmanyTmedium_24,RshortCmanyTmedium,RshortCmanyTmedium_24_LA_MIPTAIL_20260817_150740_101.json,61,46.9,219.6,False,25,24.0
RshortCmanyTmedium_25,RshortCmanyTmedium,RshortCmanyTmedium_25_LA_MIPTAIL_20260817_150752_101.json,54,52.3,200.1,False,25,24.0
RshortCmanyTmedium_3,RshortCmanyTmedium,RshortCmanyTmedium_3_LA_MIPTAIL_20260817_150727_029.json,55,51.5,193.8,False,25,24.0
RshortCmanyTmedium_4,RshortCmanyTmedium,RshortCmanyTmedium_4_LA_MIPTAIL_20260817_150740_029.json,58,50.4,197.8,False,25,24.0
RshortCmanyTmedium_5,RshortCmanyTmedium,RshortCmanyTmedium_5_LA_MIPTAIL_20260817_150752_029.json,43,32.3,127.3,False,25,24.0
RshortCmanyTmedium_6,RshortCmanyTmedium,RshortCmanyTmedium_6_LA_MIPTAIL_20260818_111030_009.json,55,44.5,169.4,False,25,24.0
RshortCmanyTmedium_7,RshortCmanyTmedium,RshortCmanyTmedium_7_LA_MIPTAIL_20260817_150800_029.json,60,51.6,198.7,False,25,24.0
RshortCmanyTmedium_8,RshortCmanyTmedium,RshortCmanyTmedium_8_LA_MIPTAIL_20260817_150807_029.json,51,39.5,177.0,False,25,24.0
RshortCmanyTmedium_9,RshortCmanyTmedium,RshortCmanyTmedium_9_LA_MIPTAIL_20260817_150812_029.json,46,38.4,169.9,False,25,24.0
RshortCmanyTnone_1,RshortCmanyTnone,RshortCmanyTnone_1_LA_MIPTAIL_20260812_113354_050.json,40,29.5,106.5,False,25,24.0
RshortCmanyTnone_10,RshortCmanyTnone,RshortCmanyTnone_10_LA_MIPTAIL_20260817_150816_030.json,46,34.0,132.9,False,25,24.0
RshortCmanyTnone_11,RshortCmanyTnone,RshortCmanyTnone_11_LA_MIPTAIL_20260817_150941_066.json,48,39.8,170.6,False,25,24.0
RshortCmanyTnone_12,RshortCmanyTnone,RshortCmanyTnone_12_LA_MIPTAIL_20260817_150716_066.json,57,49.2,194.5,False,25,24.0
RshortCmanyTnone_13,RshortCmanyTnone,RshortCmanyTnone_13_LA_MIPTAIL_20260817_150727_066.json,49,37.1,155.5,False,25,24.0
RshortCmanyTnone_14,RshortCmanyTnone,RshortCmanyTnone_14_LA_MIPTAIL_20260817_150740_066.json,46,29.8,105.7,False,25,24.0
RshortCmanyTnone_15,RshortCmanyTnone,RshortCmanyTnone_15_LA_MIPTAIL_20260817_150752_066.json,53,42.7,166.3,False,25,24.0
RshortCmanyTnone_16,RshortCmanyTnone,RshortCmanyTnone_16_LA_MIPTAIL_20260817_150754_066.json,60,50.6,184.5,False,25,24.0
RshortCmanyTnone_17,RshortCmanyTnone,RshortCmanyTnone_17_LA_MIPTAIL_20260817_150800_066.json,49,41.1,177.8,False,25,24.0
RshortCmanyTnone_18,RshortCmanyTnone,RshortCmanyTnone_18_LA_MIPTAIL_20260817_150807_066.json,52,43.3,166.7,False,25,24.0
RshortCmanyTnone_19,RshortCmanyTnone,RshortCmanyTnone_19_LA_MIPTAIL_20260817_150812_066.json,59,46.2,225.9,False,25,24.0
RshortCmanyTnone_2,RshortCmanyTnone,RshortCmanyTnone_2_LA_MIPTAIL_20260812_113354_061.json,42,31.6,99.2,False,25,24.0
RshortCmanyTnone_20,RshortCmanyTnone,RshortCmanyTnone_20_LA_MIPTAIL_20260817_150816_066.json,48,43.6,163.6,False,25,24.0
RshortCmanyTnone_21,RshortCmanyTnone,RshortCmanyTnone_21_LA_MIPTAIL_20260817_150941_102.json,49,42.6,156.0,False,25,24.0
RshortCmanyTnone_22,RshortCmanyTnone,RshortCmanyTnone_22_LA_MIPTAIL_20260817_150716_102.json,58,49.6,202.8,False,25,24.0
RshortCmanyTnone_23,RshortCmanyTnone,RshortCmanyTnone_23_LA_MIPTAIL_20260817_150727_102.json,48,37.5,139.8,False,25,24.0
RshortCmanyTnone_24,RshortCmanyTnone,RshortCmanyTnone_24_LA_MIPTAIL_20260817_150740_102.json,50,34.1,116.0,False,25,24.0
RshortCmanyTnone_25,RshortCmanyTnone,RshortCmanyTnone_25_LA_MIPTAIL_20260812_113354_067.json,60,55.6,186.7,False,25,24.0
RshortCmanyTnone_3,RshortCmanyTnone,RshortCmanyTnone_3_LA_MIPTAIL_20260817_150727_030.json,52,37.3,176.1,False,25,24.0
RshortCmanyTnone_4,RshortCmanyTnone,RshortCmanyTnone_4_LA_MIPTAIL_20260817_150740_030.json,56,41.3,159.6,False,25,24.0
RshortCmanyTnone_5,RshortCmanyTnone,RshortCmanyTnone_5_LA_MIPTAIL_20260817_150752_030.json,61,48.0,217.5,False,25,24.0
RshortCmanyTnone_6,RshortCmanyTnone,RshortCmanyTnone_6_LA_MIPTAIL_20260817_150754_030.json,53,39.7,177.3,False,25,24.0
RshortCmanyTnone_7,RshortCmanyTnone,RshortCmanyTnone_7_LA_MIPTAIL_20260817_150800_030.json,45,38.9,146.3,False,25,24.0
RshortCmanyTnone_8,RshortCmanyTnone,RshortCmanyTnone_8_LA_MIPTAIL_20260817_150807_030.json,56,44.3,167.0,False,25,24.0
RshortCmanyTnone_9,RshortCmanyTnone,RshortCmanyTnone_9_LA_MIPTAIL_20260817_150812_030.json,62,55.0,212.8,False,25,24.0
RshortCmanyTtight_1,RshortCmanyTtight,RshortCmanyTtight_1_LA_MIPTAIL_20260817_150941_031.json,45,38.7,190.4,False,25,24.0
RshortCmanyTtight_10,RshortCmanyTtight,RshortCmanyTtight_10_LA_MIPTAIL_20260817_150816_031.json,46,43.6,171.1,False,25,24.0
RshortCmanyTtight_11,RshortCmanyTtight,RshortCmanyTtight_11_LA_MIPTAIL_20260817_150941_067.json,59,63.1,324.3,False,25,24.0
RshortCmanyTtight_12,RshortCmanyTtight,RshortCmanyTtight_12_LA_MIPTAIL_20260817_150716_067.json,48,51.3,217.2,False,25,24.0
RshortCmanyTtight_13,RshortCmanyTtight,RshortCmanyTtight_13_LA_MIPTAIL_20260817_150727_067.json,55,57.2,289.9,False,25,24.0
RshortCmanyTtight_14,RshortCmanyTtight,RshortCmanyTtight_14_LA_MIPTAIL_20260817_150740_067.json,64,74.1,433.4,False,25,24.0
RshortCmanyTtight_15,RshortCmanyTtight,RshortCmanyTtight_15_LA_MIPTAIL_20260817_150752_067.json,54,55.7,260.3,False,25,24.0
RshortCmanyTtight_16,RshortCmanyTtight,RshortCmanyTtight_16_LA_MIPTAIL_20260817_150754_067.json,54,53.3,207.8,False,25,24.0
RshortCmanyTtight_17,RshortCmanyTtight,RshortCmanyTtight_17_LA_MIPTAIL_20260818_111057_022.json,40,39.1,147.7,False,25,24.0
RshortCmanyTtight_18,RshortCmanyTtight,RshortCmanyTtight_18_LA_MIPTAIL_20260818_111103_018.json,55,69.0,336.5,False,25,24.0
RshortCmanyTtight_19,RshortCmanyTtight,RshortCmanyTtight_19_LA_MIPTAIL_20260817_150812_067.json,42,43.2,152.8,False,25,24.0
RshortCmanyTtight_2,RshortCmanyTtight,RshortCmanyTtight_2_LA_MIPTAIL_20260817_150716_031.json,57,52.2,267.5,False,25,24.0
RshortCmanyTtight_20,RshortCmanyTtight,RshortCmanyTtight_20_LA_MIPTAIL_20260817_150816_067.json,57,70.0,335.4,False,25,24.0
RshortCmanyTtight_21,RshortCmanyTtight,RshortCmanyTtight_21_LA_MIPTAIL_20260817_150941_103.json,56,55.0,199.5,False,25,24.0
RshortCmanyTtight_22,RshortCmanyTtight,RshortCmanyTtight_22_LA_MIPTAIL_20260817_150716_103.json,49,43.7,182.4,False,25,24.0
RshortCmanyTtight_23,RshortCmanyTtight,RshortCmanyTtight_23_LA_MIPTAIL_20260817_150727_103.json,56,52.0,251.0,False,25,24.0
RshortCmanyTtight_24,RshortCmanyTtight,RshortCmanyTtight_24_LA_MIPTAIL_20260817_150740_103.json,53,46.9,181.3,False,25,24.0
RshortCmanyTtight_25,RshortCmanyTtight,RshortCmanyTtight_25_LA_MIPTAIL_20260817_150752_103.json,52,52.6,221.8,False,25,24.0
RshortCmanyTtight_3,RshortCmanyTtight,RshortCmanyTtight_3_LA_MIPTAIL_20260817_150727_031.json,51,62.9,262.5,False,25,24.0
RshortCmanyTtight_4,RshortCmanyTtight,RshortCmanyTtight_4_LA_MIPTAIL_20260812_113354_094.json,60,70.9,409.0,False,25,24.0
RshortCmanyTtight_5,RshortCmanyTtight,RshortCmanyTtight_5_LA_MIPTAIL_20260817_150752_031.json,45,41.4,208.3,False,25,24.0
RshortCmanyTtight_6,RshortCmanyTtight,RshortCmanyTtight_6_LA_MIPTAIL_20260817_150754_031.json,56,60.7,258.5,False,25,24.0
RshortCmanyTtight_7,RshortCmanyTtight,RshortCmanyTtight_7_LA_MIPTAIL_20260812_113354_097.json,51,64.5,327.0,False,25,24.0
RshortCmanyTtight_8,RshortCmanyTtight,RshortCmanyTtight_8_LA_MIPTAIL_20260817_150807_031.json,59,81.3,338.4,False,25,24.0
RshortCmanyTtight_9,RshortCmanyTtight,RshortCmanyTtight_9_LA_MIPTAIL_20260817_150812_031.json,59,64.4,293.4,False,25,24.0
RshortCmediumTlarge_1,RshortCmediumTlarge,RshortCmediumTlarge_1_LA_MIPTAIL_20260817_150941_032.json,56,51.2,215.2,False,25,24.0
RshortCmediumTlarge_10,RshortCmediumTlarge,RshortCmediumTlarge_10_LA_MIPTAIL_20260817_150816_032.json,54,43.5,152.2,False,25,24.0
RshortCmediumTlarge_11,RshortCmediumTlarge,RshortCmediumTlarge_11_LA_MIPTAIL_20260817_150941_068.json,44,36.2,136.3,False,25,24.0
RshortCmediumTlarge_12,RshortCmediumTlarge,RshortCmediumTlarge_12_LA_MIPTAIL_20260817_150716_068.json,38,24.7,68.7,False,25,24.0
RshortCmediumTlarge_13,RshortCmediumTlarge,RshortCmediumTlarge_13_LA_MIPTAIL_20260817_150727_068.json,44,32.3,121.4,False,25,24.0
RshortCmediumTlarge_14,RshortCmediumTlarge,RshortCmediumTlarge_14_LA_MIPTAIL_20260817_150740_068.json,46,32.5,134.7,False,25,24.0
RshortCmediumTlarge_15,RshortCmediumTlarge,RshortCmediumTlarge_15_LA_MIPTAIL_20260817_150752_068.json,51,49.0,178.9,False,25,24.0
RshortCmediumTlarge_16,RshortCmediumTlarge,RshortCmediumTlarge_16_LA_MIPTAIL_20260817_150754_068.json,45,41.4,162.2,False,25,24.0
RshortCmediumTlarge_17,RshortCmediumTlarge,RshortCmediumTlarge_17_LA_MIPTAIL_20260817_150800_068.json,53,37.6,132.0,False,25,24.0
RshortCmediumTlarge_18,RshortCmediumTlarge,RshortCmediumTlarge_18_LA_MIPTAIL_20260817_150807_068.json,50,50.6,212.9,False,25,24.0
RshortCmediumTlarge_19,RshortCmediumTlarge,RshortCmediumTlarge_19_LA_MIPTAIL_20260817_150812_068.json,56,57.4,303.7,False,25,24.0
RshortCmediumTlarge_2,RshortCmediumTlarge,RshortCmediumTlarge_2_LA_MIPTAIL_20260817_150716_032.json,47,34.8,138.5,False,25,24.0
RshortCmediumTlarge_20,RshortCmediumTlarge,RshortCmediumTlarge_20_LA_MIPTAIL_20260817_150816_068.json,49,41.7,218.2,False,25,24.0
RshortCmediumTlarge_21,RshortCmediumTlarge,RshortCmediumTlarge_21_LA_MIPTAIL_20260817_150941_104.json,48,43.3,159.1,False,25,24.0
RshortCmediumTlarge_22,RshortCmediumTlarge,RshortCmediumTlarge_22_LA_MIPTAIL_20260817_150716_104.json,46,34.4,140.3,False,25,24.0
RshortCmediumTlarge_25,RshortCmediumTlarge,RshortCmediumTlarge_25_LA_MIPTAIL_20260817_150752_104.json,52,50.7,268.3,False,25,24.0
RshortCmediumTlarge_3,RshortCmediumTlarge,RshortCmediumTlarge_3_LA_MIPTAIL_20260817_150727_032.json,57,48.9,141.9,False,25,24.0
RshortCmediumTlarge_4,RshortCmediumTlarge,RshortCmediumTlarge_4_LA_MIPTAIL_20260817_150740_032.json,56,53.0,231.5,False,25,24.0
RshortCmediumTlarge_6,RshortCmediumTlarge,RshortCmediumTlarge_6_LA_MIPTAIL_20260817_150754_032.json,53,47.0,175.0,False,25,24.0
RshortCmediumTlarge_7,RshortCmediumTlarge,RshortCmediumTlarge_7_LA_MIPTAIL_20260817_150800_032.json,52,45.3,161.2,False,25,24.0
RshortCmediumTlarge_8,RshortCmediumTlarge,RshortCmediumTlarge_8_LA_MIPTAIL_20260818_111103_009.json,46,39.4,144.0,False,25,24.0
RshortCmediumTlarge_9,RshortCmediumTlarge,RshortCmediumTlarge_9_LA_MIPTAIL_20260817_150812_032.json,44,31.5,116.0,False,25,24.0
RshortCmediumTmedium_1,RshortCmediumTmedium,RshortCmediumTmedium_1_LA_MIPTAIL_20260817_150941_033.json,48,40.4,163.4,False,25,24.0
RshortCmediumTmedium_10,RshortCmediumTmedium,RshortCmediumTmedium_10_LA_MIPTAIL_20260817_150816_033.json,47,33.1,128.8,False,25,24.0
RshortCmediumTmedium_11,RshortCmediumTmedium,RshortCmediumTmedium_11_LA_MIPTAIL_20260817_150941_069.json,44,34.2,127.8,False,25,24.0
RshortCmediumTmedium_12,RshortCmediumTmedium,RshortCmediumTmedium_12_LA_MIPTAIL_20260817_150716_069.json,53,53.9,216.0,False,25,24.0
RshortCmediumTmedium_13,RshortCmediumTmedium,RshortCmediumTmedium_13_LA_MIPTAIL_20260817_150727_069.json,45,40.5,160.8,False,25,24.0
RshortCmediumTmedium_14,RshortCmediumTmedium,RshortCmediumTmedium_14_LA_MIPTAIL_20260817_150740_069.json,53,42.8,188.9,False,25,24.0
RshortCmediumTmedium_15,RshortCmediumTmedium,RshortCmediumTmedium_15_LA_MIPTAIL_20260817_150752_069.json,42,33.5,148.2,False,25,24.0
RshortCmediumTmedium_16,RshortCmediumTmedium,RshortCmediumTmedium_16_LA_MIPTAIL_20260817_150754_069.json,49,37.5,157.1,False,25,24.0
RshortCmediumTmedium_17,RshortCmediumTmedium,RshortCmediumTmedium_17_LA_MIPTAIL_20260817_150800_069.json,52,38.9,171.4,False,25,24.0
RshortCmediumTmedium_18,RshortCmediumTmedium,RshortCmediumTmedium_18_LA_MIPTAIL_20260817_150807_069.json,54,50.6,243.9,False,25,24.0
RshortCmediumTmedium_19,RshortCmediumTmedium,RshortCmediumTmedium_19_LA_MIPTAIL_20260817_150812_069.json,49,44.5,185.9,False,25,24.0
RshortCmediumTmedium_2,RshortCmediumTmedium,RshortCmediumTmedium_2_LA_MIPTAIL_20260817_150716_033.json,50,38.9,147.8,False,25,24.0
RshortCmediumTmedium_20,RshortCmediumTmedium,RshortCmediumTmedium_20_LA_MIPTAIL_20260817_150816_069.json,43,32.3,118.4,False,25,24.0
RshortCmediumTmedium_21,RshortCmediumTmedium,RshortCmediumTmedium_21_LA_MIPTAIL_20260817_150941_105.json,44,40.7,149.7,False,25,24.0
RshortCmediumTmedium_22,RshortCmediumTmedium,RshortCmediumTmedium_22_LA_MIPTAIL_20260817_150716_105.json,49,45.7,265.0,False,25,24.0
RshortCmediumTmedium_23,RshortCmediumTmedium,RshortCmediumTmedium_23_LA_MIPTAIL_20260817_150727_105.json,50,37.9,157.2,False,25,24.0
RshortCmediumTmedium_24,RshortCmediumTmedium,RshortCmediumTmedium_24_LA_MIPTAIL_20260817_150740_105.json,54,57.1,201.6,False,25,24.0
RshortCmediumTmedium_3,RshortCmediumTmedium,RshortCmediumTmedium_3_LA_MIPTAIL_20260817_150727_033.json,45,33.3,119.2,False,25,24.0
RshortCmediumTmedium_4,RshortCmediumTmedium,RshortCmediumTmedium_4_LA_MIPTAIL_20260817_150740_033.json,45,32.3,165.3,False,25,24.0
RshortCmediumTmedium_6,RshortCmediumTmedium,RshortCmediumTmedium_6_LA_MIPTAIL_20260817_150754_033.json,48,37.1,133.8,False,25,24.0
RshortCmediumTmedium_7,RshortCmediumTmedium,RshortCmediumTmedium_7_LA_MIPTAIL_20260817_150800_033.json,41,28.1,101.1,False,25,24.0
RshortCmediumTmedium_8,RshortCmediumTmedium,RshortCmediumTmedium_8_LA_MIPTAIL_20260817_150807_033.json,41,30.2,119.5,False,25,24.0
RshortCmediumTmedium_9,RshortCmediumTmedium,RshortCmediumTmedium_9_LA_MIPTAIL_20260817_150812_033.json,42,37.2,150.7,False,25,24.0
RshortCmediumTnone_1,RshortCmediumTnone,RshortCmediumTnone_1_LA_MIPTAIL_20260817_150941_034.json,52,49.9,178.1,False,25,24.0
RshortCmediumTnone_10,RshortCmediumTnone,RshortCmediumTnone_10_LA_MIPTAIL_20260817_150816_034.json,44,35.0,141.3,False,25,24.0
RshortCmediumTnone_11,RshortCmediumTnone,RshortCmediumTnone_11_LA_MIPTAIL_20260817_150941_070.json,43,38.5,157.8,False,25,24.0
RshortCmediumTnone_12,RshortCmediumTnone,RshortCmediumTnone_12_LA_MIPTAIL_20260817_150716_070.json,47,46.8,176.1,False,25,24.0
RshortCmediumTnone_13,RshortCmediumTnone,RshortCmediumTnone_13_LA_MIPTAIL_20260817_150727_070.json,45,35.7,146.7,False,25,24.0
RshortCmediumTnone_14,RshortCmediumTnone,RshortCmediumTnone_14_LA_MIPTAIL_20260817_150740_070.json,41,34.7,142.9,False,25,24.0
RshortCmediumTnone_16,RshortCmediumTnone,RshortCmediumTnone_16_LA_MIPTAIL_20260817_150754_070.json,50,45.2,191.0,False,25,24.0
RshortCmediumTnone_17,RshortCmediumTnone,RshortCmediumTnone_17_LA_MIPTAIL_20260817_150800_070.json,55,42.8,170.7,False,25,24.0
RshortCmediumTnone_18,RshortCmediumTnone,RshortCmediumTnone_18_LA_MIPTAIL_20260817_150807_070.json,50,42.8,166.0,False,25,24.0
RshortCmediumTnone_19,RshortCmediumTnone,RshortCmediumTnone_19_LA_MIPTAIL_20260817_150812_070.json,44,35.1,134.9,False,25,24.0
RshortCmediumTnone_20,RshortCmediumTnone,RshortCmediumTnone_20_LA_MIPTAIL_20260818_111122_018.json,42,32.2,125.3,False,25,24.0
RshortCmediumTnone_21,RshortCmediumTnone,RshortCmediumTnone_21_LA_MIPTAIL_20260817_150941_106.json,43,33.5,135.7,False,25,24.0
RshortCmediumTnone_22,RshortCmediumTnone,RshortCmediumTnone_22_LA_MIPTAIL_20260817_150716_106.json,49,41.5,176.8,False,25,24.0
RshortCmediumTnone_23,RshortCmediumTnone,RshortCmediumTnone_23_LA_MIPTAIL_20260817_150727_106.json,41,30.2,119.2,False,25,24.0
RshortCmediumTnone_24,RshortCmediumTnone,RshortCmediumTnone_24_LA_MIPTAIL_20260817_150740_106.json,46,36.4,141.5,False,25,24.0
RshortCmediumTnone_25,RshortCmediumTnone,RshortCmediumTnone_25_LA_MIPTAIL_20260817_150752_106.json,56,50.6,163.7,False,25,24.0
RshortCmediumTnone_3,RshortCmediumTnone,RshortCmediumTnone_3_LA_MIPTAIL_20260817_150727_034.json,43,29.0,120.5,False,25,24.0
RshortCmediumTnone_4,RshortCmediumTnone,RshortCmediumTnone_4_LA_MIPTAIL_20260817_150740_034.json,51,46.4,180.8,False,25,24.0
RshortCmediumTnone_5,RshortCmediumTnone,RshortCmediumTnone_5_LA_MIPTAIL_20260817_150752_034.json,49,42.7,166.0,False,25,24.0
RshortCmediumTnone_6,RshortCmediumTnone,RshortCmediumTnone_6_LA_MIPTAIL_20260817_150754_034.json,44,34.2,138.1,False,25,24.0
RshortCmediumTnone_7,RshortCmediumTnone,RshortCmediumTnone_7_LA_MIPTAIL_20260817_150800_034.json,54,42.8,167.5,False,25,24.0
RshortCmediumTnone_8,RshortCmediumTnone,RshortCmediumTnone_8_LA_MIPTAIL_20260817_150807_034.json,53,46.2,174.3,False,25,24.0
RshortCmediumTnone_9,RshortCmediumTnone,RshortCmediumTnone_9_LA_MIPTAIL_20260818_111117_009.json,52,45.0,164.2,False,25,24.0
RshortCmediumTtight_1,RshortCmediumTtight,RshortCmediumTtight_1_LA_MIPTAIL_20260817_150941_035.json,42,38.2,145.8,False,25,24.0
RshortCmediumTtight_10,RshortCmediumTtight,RshortCmediumTtight_10_LA_MIPTAIL_20260817_150816_035.json,39,37.3,149.8,False,25,24.0
RshortCmediumTtight_11,RshortCmediumTtight,RshortCmediumTtight_11_LA_MIPTAIL_20260817_150941_071.json,55,54.0,225.4,False,25,24.0
RshortCmediumTtight_12,RshortCmediumTtight,RshortCmediumTtight_12_LA_MIPTAIL_20260817_150716_071.json,40,37.3,142.6,False,25,24.0
RshortCmediumTtight_13,RshortCmediumTtight,RshortCmediumTtight_13_LA_MIPTAIL_20260817_150727_071.json,49,45.1,228.9,False,25,24.0
RshortCmediumTtight_14,RshortCmediumTtight,RshortCmediumTtight_14_LA_MIPTAIL_20260817_150740_071.json,57,54.4,214.9,False,25,24.0
RshortCmediumTtight_16,RshortCmediumTtight,RshortCmediumTtight_16_LA_MIPTAIL_20260817_150754_071.json,56,64.1,348.5,False,25,24.0
RshortCmediumTtight_17,RshortCmediumTtight,RshortCmediumTtight_17_LA_MIPTAIL_20260817_150800_071.json,51,54.0,242.8,False,25,24.0
RshortCmediumTtight_18,RshortCmediumTtight,RshortCmediumTtight_18_LA_MIPTAIL_20260818_111103_019.json,61,51.8,213.9,False,25,24.0
RshortCmediumTtight_19,RshortCmediumTtight,RshortCmediumTtight_19_LA_MIPTAIL_20260818_111117_023.json,46,42.3,177.3,False,25,24.0
RshortCmediumTtight_2,RshortCmediumTtight,RshortCmediumTtight_2_LA_MIPTAIL_20260817_150716_035.json,48,51.1,202.2,False,25,24.0
RshortCmediumTtight_20,RshortCmediumTtight,RshortCmediumTtight_20_LA_MIPTAIL_20260817_150816_071.json,40,38.1,178.9,False,25,24.0
RshortCmediumTtight_21,RshortCmediumTtight,RshortCmediumTtight_21_LA_MIPTAIL_20260817_150941_107.json,51,39.6,176.8,False,25,24.0
RshortCmediumTtight_22,RshortCmediumTtight,RshortCmediumTtight_22_LA_MIPTAIL_20260817_150716_107.json,58,46.8,193.7,False,25,24.0
RshortCmediumTtight_23,RshortCmediumTtight,RshortCmediumTtight_23_LA_MIPTAIL_20260817_150727_107.json,56,62.8,305.7,False,25,24.0
RshortCmediumTtight_24,RshortCmediumTtight,RshortCmediumTtight_24_LA_MIPTAIL_20260817_150740_107.json,56,54.3,281.1,False,25,24.0
RshortCmediumTtight_25,RshortCmediumTtight,RshortCmediumTtight_25_LA_MIPTAIL_20260817_150752_107.json,57,57.3,315.4,False,25,24.0
RshortCmediumTtight_3,RshortCmediumTtight,RshortCmediumTtight_3_LA_MIPTAIL_20260817_150727_035.json,53,58.6,215.1,False,25,24.0
RshortCmediumTtight_4,RshortCmediumTtight,RshortCmediumTtight_4_LA_MIPTAIL_20260817_150740_035.json,43,27.5,102.0,False,25,24.0
RshortCmediumTtight_6,RshortCmediumTtight,RshortCmediumTtight_6_LA_MIPTAIL_20260817_150754_035.json,58,60.9,269.1,False,25,24.0
RshortCmediumTtight_7,RshortCmediumTtight,RshortCmediumTtight_7_LA_MIPTAIL_20260817_150800_035.json,53,62.0,275.0,False,25,24.0
RshortCmediumTtight_8,RshortCmediumTtight,RshortCmediumTtight_8_LA_MIPTAIL_20260817_150807_035.json,51,42.3,180.7,False,25,24.0
RshortCmediumTtight_9,RshortCmediumTtight,RshortCmediumTtight_9_LA_MIPTAIL_20260818_111117_010.json,42,37.9,166.4,False,25,24.0
